Processando grafos:   0%|          | 0/53 [00:00<?, ?grafo/s]
Processando bcsstk31_clean.mtx
greedy: 2.38s | k0=191 | ok=True
dist2: 1.04s
[INFO] MIP start adicionado via add_mip_start().
solving...
Version identifier: 22.1.1.0 | 2022-11-28 | 9160aff4d
CPXPARAM_Read_DataCheck                          1
CPXPARAM_Emphasis_MIP                            1
CPXPARAM_MIP_Strategy_HeuristicFreq              10
CPXPARAM_TimeLimit                               900
1 of 1 MIP starts provided solutions.
MIP start 'm1' defined initial solution with objective 191.0000.
Tried aggregator 1 time.
MIP Presolve eliminated 1 rows and 0 columns.
MIP Presolve modified 7016988 coefficients.
Reduced MIP has 4713580 rows, 2374585 columns, and 14105152 nonzeros.
Reduced MIP has 2338996 binaries, 35589 generals, 0 SOSs, and 0 indicators.
Presolve time = 4.20 sec. (6988.67 ticks)
Probing fixed 0 vars, tightened 1 bounds.
Probing time = 25.87 sec. (763.69 ticks)
Tried aggregator 1 time.
Detecting symmetries...
Reduced MIP has 4713580 rows, 2374585 columns, and 14105152 nonzeros.
Reduced MIP has 2338996 binaries, 35589 generals, 0 SOSs, and 0 indicators.
Presolve time = 6.84 sec. (8013.86 ticks)
Probing time = 21.45 sec. (680.61 ticks)
MIP emphasis: integer feasibility.
MIP search method: dynamic search.
Parallel mode: deterministic, using up to 8 threads.
Root relaxation solution time = 19.16 sec. (5421.35 ticks)

        Nodes                                         Cuts/
   Node  Left     Objective  IInf  Best Integer    Best Bound    ItCnt     Gap

*     0+    0                          191.0000        2.0000            98.95%
      0     0        2.0000 2338996      191.0000        2.0000   292375   98.95%
Elapsed time = 4.07 sec. (10036.73 ticks) for 142 of 200 candidates for Gomory cuts

Implied bound cuts applied:  8054
Mixed integer rounding cuts applied:  1688

Root node processing (before b&c):
  Real time             =  904.93 sec. (861124.00 ticks)
Parallel b&c, 8 threads:
  Real time             =    0.00 sec. (0.00 ticks)
  Sync time (average)   =    0.00 sec.
  Wait time (average)   =    0.00 sec.
                          ------------
Total (root+branch&cut) =  904.93 sec. (861124.00 ticks)
Processando grafos:   2%|▏         | 1/53 [19:05<16:32:49, 1145.56s/grafo]solve: 912.85s
status: time limit exceeded
[OK] bcsstk31_clean.mtx → bcsstk31_clean.csv
[CLEANUP] bcsstk31_clean.mtx removido da pasta de entrada.

Processando bcsstm01_clean.mtx
greedy: 0.00s | k0=0 | ok=True
dist2: 0.00s
[INFO] MIP start adicionado via add_mip_start().
solving...
Version identifier: 22.1.1.0 | 2022-11-28 | 9160aff4d
CPXPARAM_Read_DataCheck                          1
CPXPARAM_Emphasis_MIP                            1
CPXPARAM_MIP_Strategy_HeuristicFreq              10
CPXPARAM_TimeLimit                               900
1 of 1 MIP starts provided solutions.
MIP start 'm1' defined initial solution with objective 0.0000.
Tried aggregator 1 time.
MIP Presolve eliminated 49 rows and 49 columns.
All rows and columns eliminated.
Presolve time = 0.01 sec. (0.03 ticks)

Root node processing (before b&c):
  Real time             =    0.01 sec. (0.04 ticks)
Parallel b&c, 8 threads:
  Real time             =    0.00 sec. (0.00 ticks)
  Sync time (average)   =    0.00 sec.
  Wait time (average)   =    0.00 sec.
                          ------------
Total (root+branch&cut) =    0.01 sec. (0.04 ticks)
Processando grafos:   4%|▍         | 2/53 [19:05<6:41:05, 471.86s/grafo]  solve: 0.02s
status: integer optimal solution
[OK] bcsstm01_clean.mtx → bcsstm01_clean.csv
[CLEANUP] bcsstm01_clean.mtx removido da pasta de entrada.

Processando bcsstm20_clean.mtx
greedy: 0.00s | k0=0 | ok=True
dist2: 0.00s
[INFO] MIP start adicionado via add_mip_start().
solving...
Version identifier: 22.1.1.0 | 2022-11-28 | 9160aff4d
CPXPARAM_Read_DataCheck                          1
CPXPARAM_Emphasis_MIP                            1
CPXPARAM_MIP_Strategy_HeuristicFreq              10
CPXPARAM_TimeLimit                               900
1 of 1 MIP starts provided solutions.
MIP start 'm1' defined initial solution with objective 0.0000.
Tried aggregator 1 time.
MIP Presolve eliminated 486 rows and 486 columns.
All rows and columns eliminated.
Presolve time = 0.00 sec. (0.25 ticks)

Root node processing (before b&c):
  Real time             =    0.00 sec. (0.35 ticks)
Parallel b&c, 8 threads:
  Real time             =    0.00 sec. (0.00 ticks)
  Sync time (average)   =    0.00 sec.
  Wait time (average)   =    0.00 sec.
                          ------------
Total (root+branch&cut) =    0.00 sec. (0.35 ticks)
solve: 0.00s
status: integer optimal solution
[OK] bcsstm20_clean.mtx → bcsstm20_clean.csv
[CLEANUP] bcsstm20_clean.mtx removido da pasta de entrada.

Processando c-fat200-1_clean.mtx
greedy: 0.00s | k0=32 | ok=True
dist2: 0.00s
[INFO] MIP start adicionado via add_mip_start().
solving...
Version identifier: 22.1.1.0 | 2022-11-28 | 9160aff4d
CPXPARAM_Read_DataCheck                          1
CPXPARAM_Emphasis_MIP                            1
CPXPARAM_MIP_Strategy_HeuristicFreq              10
CPXPARAM_TimeLimit                               900
1 of 1 MIP starts provided solutions.
MIP start 'm1' defined initial solution with objective 32.0000.
Tried aggregator 1 time.
MIP Presolve eliminated 1 rows and 0 columns.
MIP Presolve modified 7866 coefficients.
Reduced MIP has 5444 rows, 2823 columns, and 16132 nonzeros.
Reduced MIP has 2622 binaries, 201 generals, 0 SOSs, and 0 indicators.
Presolve time = 0.01 sec. (8.09 ticks)
Probing fixed 0 vars, tightened 1 bounds.
Probing time = 0.01 sec. (3.61 ticks)
Tried aggregator 1 time.
Detecting symmetries...
Reduced MIP has 5444 rows, 2823 columns, and 16132 nonzeros.
Reduced MIP has 2622 binaries, 201 generals, 0 SOSs, and 0 indicators.
Presolve time = 0.01 sec. (9.72 ticks)
Probing time = 0.01 sec. (3.26 ticks)
MIP emphasis: integer feasibility.
MIP search method: dynamic search.
Parallel mode: deterministic, using up to 8 threads.
Root relaxation solution time = 0.02 sec. (22.27 ticks)

        Nodes                                         Cuts/
   Node  Left     Objective  IInf  Best Integer    Best Bound    ItCnt     Gap

*     0+    0                           32.0000        2.0000            93.75%
      0     0        2.0000  2249       32.0000        2.0000     2444   93.75%
      0     0        8.5000  2274       32.0000    Cuts: 1461     3510   73.44%
      0     0        9.0000  1809       32.0000     Cuts: 527     4207   71.87%
      0     0        9.0000  1828       32.0000     Cuts: 839     4680   71.87%
Detecting symmetries...
      0     2        9.0000  1828       32.0000        9.0000     4680   71.87%
Elapsed time = 0.42 sec. (479.40 ticks, tree = 0.02 MB, solutions = 1)
    283   252        9.0000  1550       32.0000        9.0000    18977   71.87%
    686   556       10.0000   979       32.0000        9.0000    35439   71.87%
   1103   969       14.0000   944       32.0000        9.0000    54787   71.87%
   1475  1327       12.0000   735       32.0000        9.0000    73271   71.87%
   1756  1606       11.0000   724       32.0000        9.0000    88349   71.87%
   1932  1780       15.0000   417       32.0000        9.0000    98925   71.87%
   2108  1950       14.0000   409       32.0000        9.0000   111002   71.87%
   2300  2135       12.0000   693       32.0000        9.0000   120784   71.87%
   2459  2340       14.0000   400       32.0000        9.0000   130834   71.87%
   3223  3054       11.0000   687       32.0000        9.0000   159645   71.87%
Elapsed time = 3.91 sec. (3584.63 ticks, tree = 6.08 MB, solutions = 1)
   4062  3825       11.0000   818       32.0000        9.0000   183454   71.87%

Performing restart 1

Repeating presolve.
Tried aggregator 1 time.
MIP Presolve modified 7866 coefficients.
Reduced MIP has 5444 rows, 2823 columns, and 16132 nonzeros.
Reduced MIP has 2622 binaries, 201 generals, 0 SOSs, and 0 indicators.
Presolve time = 0.01 sec. (7.80 ticks)
Tried aggregator 1 time.
Reduced MIP has 5444 rows, 2823 columns, and 16132 nonzeros.
Reduced MIP has 2622 binaries, 201 generals, 0 SOSs, and 0 indicators.
Presolve time = 0.01 sec. (9.99 ticks)
Represolve time = 0.04 sec. (28.15 ticks)
   4535     0        9.0000  2080       32.0000    Cuts: 1461   206404   71.87%
   4535     0        9.3047  2308       32.0000    Cuts: 1461   208010   70.92%
   4535     0       10.0000  2006       32.0000     Cuts: 871   209056   68.75%
   4535     2       10.0000  1491       32.0000       10.0000   209056   68.75%
   5208   569       11.0000   807       32.0000       10.0000   267089   68.75%
   6161  1379       14.0000   404       32.0000       10.0000   340590   68.75%
   7262  2615    infeasible             32.0000       10.0000   432699   68.75%
   7836  3082       14.0000   458       32.0000       10.0000   491404   68.75%
   7935  2994       11.0000   897       32.0000       10.0000   481602   68.75%
   8286  3465       11.0000   828       32.0000       10.0000   527780   68.75%
   9063  4083       13.0000   526       32.0000       10.0000   576275   68.75%
   9773  4734       18.0000   244       32.0000       10.0000   631418   68.75%
Elapsed time = 26.48 sec. (20058.07 ticks, tree = 10.22 MB, solutions = 1)
  10638  5633       23.0000    91       32.0000       10.0000   711481   68.75%
  11537  6445       12.0000   743       32.0000       10.0000   793612   68.75%
  12256  7276       12.0000   762       32.0000       10.0000   864164   68.75%
  13431  7989       18.0000   332       32.0000       10.0000   915080   68.75%
  14508  9074       18.0000   288       32.0000       10.0000   983555   68.75%
  15190  9851       13.0000   774       32.0000       10.0000  1051134   68.75%
  16008 10595       15.0000   518       32.0000       10.0000  1117902   68.75%
  16855 11216       13.0000   624       32.0000       10.0000  1193801   68.75%
  17818 12045       11.0169  1079       32.0000       10.0000  1271259   68.75%
  18245 12574       11.0000  1239       32.0000       10.0000  1333100   68.75%
Elapsed time = 41.05 sec. (29605.43 ticks, tree = 27.08 MB, solutions = 1)
  19000 13206       14.0000   741       32.0000       10.0000  1421686   68.75%
  19877 13858       21.0000   250       32.0000       10.0000  1477170   68.75%
  20840 14904       10.4229  1518       32.0000       10.0000  1565118   68.75%
  21363 15401       11.0000  1142       32.0000       10.0000  1615654   68.75%
  22130 15998       15.0000   537       32.0000       10.0000  1698940   68.75%
  23029 16467       17.0000   547       32.0000       10.0000  1750842   68.75%
  23975 17137       14.3548   685       32.0000       10.0000  1808571   68.75%
  24602 18325    infeasible             32.0000       10.0000  1919513   68.75%
  25278 18551       26.0000   395       32.0000       10.0000  1956452   68.75%
  26055 19244       14.0000   728       32.0000       10.0000  2051445   68.75%
Elapsed time = 55.13 sec. (39155.43 ticks, tree = 41.16 MB, solutions = 1)
  26959 20186       16.0000   474       32.0000       10.0000  2157949   68.75%
  27761 20508       18.8000   658       32.0000       10.0000  2183915   68.75%
  28322 21176       13.1129   962       32.0000       10.0000  2250040   68.75%
  29157 21644       18.0000   529       32.0000       10.0000  2329272   68.75%
  30074 22443       15.0000   645       32.0000       10.0000  2416834   68.75%
  31058 23544       12.2857  1101       32.0000       10.0000  2529497   68.75%
  31880 23909       15.0000   872       32.0000       10.0000  2560443   68.75%
  32402 24789       15.0000   701       32.0000       10.0000  2665875   68.75%
  33103 25357       28.0000   230       32.0000       10.0000  2744506   68.75%
  34016 25984       12.0000  1082       32.0000       10.0000  2816135   68.75%
Elapsed time = 69.06 sec. (48705.49 ticks, tree = 55.29 MB, solutions = 1)
  34736 26196       20.0000   369       32.0000       10.0000  2829517   68.75%
  35457 27020       14.0000   756       32.0000       10.0000  2950986   68.75%
  36150 27504       11.1212  1424       32.0000       10.0000  3032066   68.75%
  36673 28138       14.3333   775       32.0000       10.0000  3124252   68.75%
  37086 28408    infeasible             32.0000       10.0000  3183220   68.75%
  37640 28919       21.0000   442       32.0000       10.0000  3272933   68.75%
  38569 29375       12.1224  1140       32.0000       10.0000  3342916   68.75%
  39404 30463       27.0000   165       32.0000       10.0000  3432729   68.75%
  40248 31242       13.0000  1011       32.0000       10.0000  3517638   68.75%
  40644 31534       11.1482  1191       32.0000       10.0000  3539111   68.75%
Elapsed time = 83.16 sec. (58262.53 ticks, tree = 66.55 MB, solutions = 1)
  41024 31806       14.5000   817       32.0000       10.0000  3605299   68.75%
  41659 32219       14.0000   840       32.0000       10.0000  3722404   68.75%
  42333 32435       11.5000  1334       32.0000       10.0000  3767133   68.75%
  43274 33442       23.0000   298       32.0000       10.0000  3930250   68.75%
  43943 33850       13.1769   909       32.0000       10.0000  3981616   68.75%
  44526 34398       12.0000  1215       32.0000       10.0000  4063311   68.75%
  44873 34589       28.0000   153       32.0000       10.0000  4066711   68.75%
  45364 34983       14.0000   792       32.0000       10.0000  4135956   68.75%
  46229 35671       20.0000   600       32.0000       10.0000  4194009   68.75%
  47033 36410       13.0000  1288       32.0000       10.0000  4267011   68.75%
Elapsed time = 97.41 sec. (67809.05 ticks, tree = 78.28 MB, solutions = 1)
  47925 36855       17.0000   727       32.0000       10.0000  4317355   68.75%
  48476 37734       24.0000   508       32.0000       10.0000  4384076   68.75%
  48912 38420       24.0000   244       32.0000       10.0000  4477238   68.75%
  49552 38643       28.0000   357       32.0000       10.0000  4534704   68.75%
  50234 38931       21.0000   470       32.0000       10.0000  4579805   68.75%
  51069 39740       24.0000   281       32.0000       10.0000  4690565   68.75%
  51925 40111       29.0000   288       32.0000       10.0000  4751647   68.75%
  52944 41143       16.0000   826       32.0000       10.0000  4893402   68.75%
  53746 41820       24.0000   582       32.0000       10.0000  4926246   68.75%
  54550 42120       13.5632   883       32.0000       10.0000  4971021   68.75%
Elapsed time = 111.97 sec. (77356.62 ticks, tree = 90.21 MB, solutions = 1)
  55348 42818       14.0000   983       32.0000       10.0000  5060161   68.75%
  56155 43781       24.0000   637       32.0000       10.0000  5182851   68.75%
  56900 44721       25.0000   299       32.0000       10.0000  5241627   68.75%
  57757 45486       25.0000   238       32.0000       10.0000  5316137   68.75%
  58682 45574       11.0000  1204       32.0000       10.0000  5325420   68.75%
  59562 46921       22.0000   375       32.0000       10.0000  5475033   68.75%
  60440 47464       12.0000  1178       32.0000       10.0000  5521674   68.75%
  61075 47947       19.0000   483       32.0000       10.0000  5596262   68.75%
  61475 48550       23.0000   449       32.0000       10.0000  5651879   68.75%
  61965 49015       26.0000   523       32.0000       10.0000  5726419   68.75%
Elapsed time = 127.45 sec. (86909.47 ticks, tree = 104.85 MB, solutions = 1)
  62233 49690       26.0000   334       32.0000       10.0000  5776637   68.75%
  62746 49568    infeasible             32.0000       10.0000  5769069   68.75%
  63485 50386       11.0000  1302       32.0000       10.0000  5882737   68.75%
  64410 50445       23.0000   673       32.0000       10.0000  5894800   68.75%
  65238 51456       12.2485  1030       32.0000       10.0000  5973012   68.75%
  65939 51784       14.0000   813       32.0000       10.0000  6041372   68.75%
  66521 52657       25.0000   558       32.0000       10.0000  6150382   68.75%
  67385 53488       27.0000   195       32.0000       10.0000  6217058   68.75%
  68096 53772       12.0606  1187       32.0000       10.0000  6239986   68.75%

Performing restart 2

Repeating presolve.
Tried aggregator 1 time.
Reduced MIP has 5444 rows, 2823 columns, and 16132 nonzeros.
Reduced MIP has 2622 binaries, 201 generals, 0 SOSs, and 0 indicators.
Presolve time = 0.01 sec. (7.14 ticks)
Tried aggregator 1 time.
Reduced MIP has 5444 rows, 2823 columns, and 16132 nonzeros.
Reduced MIP has 2622 binaries, 201 generals, 0 SOSs, and 0 indicators.
Presolve time = 0.01 sec. (9.99 ticks)
Represolve time = 0.10 sec. (34.60 ticks)
  68154     0       10.0000  1869       32.0000    Cuts: 1461  6364509   68.75%
  68154     0       10.0000  1958       32.0000    Cuts: 1461  6365400   68.75%
  68154     0       10.0000  1588       32.0000     Cuts: 791  6366381   68.75%
  68154     2       10.0000  1588       32.0000       10.0000  6366381   68.75%
Elapsed time = 151.53 sec. (103157.19 ticks, tree = 0.02 MB, solutions = 1)
  70137  1792       16.0000   498       32.0000       10.0000  6620843   68.75%
  72268  3612       17.0000   405       32.0000       10.0000  6871322   68.75%
  74688  6087       15.0000   920       32.0000       10.0000  7108599   68.75%
  75299  6484       22.0000   250       32.0000       10.0000  7163541   68.75%
  77752  8932       22.0000   447       32.0000       10.0000  7379776   68.75%
  79902 10569       16.0000   736       32.0000       10.0000  7605323   68.75%
  82239 12911       26.0000   238       32.0000       10.0000  7873907   68.75%
  84576 14933       23.0000   551       32.0000       10.0000  8128216   68.75%
  87651 17849       30.0000   194       32.0000       10.0000  8353119   68.75%
  90328 20085       12.0000  1097       32.0000       10.0000  8579467   68.75%
Elapsed time = 210.17 sec. (141322.53 ticks, tree = 44.61 MB, solutions = 1)
  93320 22739       28.0000   667       32.0000       10.0000  8756078   68.75%
* 95122+24191                           31.0000       10.0000            67.74%
  96190 24394       14.0000   933       31.0000       10.0000  8997233   67.74%
  98731 26802       13.0000  1010       31.0000       10.0000  9222312   67.74%
 101493 29060       28.0000   118       31.0000       10.0000  9440486   67.74%
 103978 30903       30.0000   191       31.0000       10.0000  9650887   67.74%
 106783 33855       30.0000   753       31.0000       10.0000  9935356   67.74%
 109514 35736       24.0000   540       31.0000       10.0000 10115063   67.74%
 111273 37562       27.0000   265       31.0000       10.0000 10311325   67.74%
 113808 39580       11.0833  1370       31.0000       10.0000 10510904   67.74%
 116367 41802       25.0000   651       31.0000       10.0000 10732321   67.74%
Elapsed time = 269.13 sec. (179482.04 ticks, tree = 93.22 MB, solutions = 2)
 119217 45008       25.0000   287       31.0000       10.0000 11027457   67.74%
 121867 46623       13.0000   920       31.0000       10.0000 11214733   67.74%
 124676 49899       15.0000   882       31.0000       10.0000 11494077   67.74%
 127333 52406       12.6490  1141       31.0000       10.0000 11741793   67.74%
 130129 54423       30.0000   367       31.0000       10.0000 11921171   67.74%
 132973 57359       30.0000   370       31.0000       10.0000 12204657   67.74%
 134668 58753       29.0000   225       31.0000       10.0000 12339626   67.74%
 137309 60411       30.0000   372       31.0000       10.0000 12494124   67.74%
 139996 63441       30.0000   288       31.0000       10.0000 12762743   67.74%
 143063 65906       23.0000   542       31.0000       10.0000 12964559   67.74%
Elapsed time = 326.79 sec. (217638.99 ticks, tree = 146.33 MB, solutions = 2)
 145879 68910       30.0000   408       31.0000       10.0000 13208899   67.74%
 148726 71104       30.0000   319       31.0000       10.0000 13437888   67.74%
 151605 73633       28.0000   677       31.0000       10.0000 13655047   67.74%
 154468 77018       30.0000   212       31.0000       10.0000 13961834   67.74%
 157090 79052       13.5250   879       31.0000       10.0000 14171917   67.74%
 159782 81099       29.0000   275       31.0000       10.0000 14385651   67.74%
 162492 83625       30.0000   392       31.0000       10.0000 14671989   67.74%
 165277 86204    infeasible             31.0000       10.0000 14897665   67.74%
 167109 88076       25.0000   337       31.0000       10.0000 15091127   67.74%
 169770 90006       26.0000   359       31.0000       10.0000 15260179   67.74%
Elapsed time = 383.78 sec. (255802.84 ticks, tree = 202.24 MB, solutions = 2)
 172850 92932       26.0000   600       31.0000       10.0000 15502542   67.74%
 175785 95720       30.0000   437       31.0000       10.0000 15741909   67.74%
 178641 98320       30.0000   648       31.0000       10.0000 15959098   67.74%
 181681 100760       30.0000   162       31.0000       10.0000 16181478   67.74%
 184583 103564       28.0000   532       31.0000       10.0000 16446521   67.74%
 187729 106292       29.0000   725       31.0000       10.0000 16663149   67.74%
 190749 108903       26.0000   558       31.0000       10.0000 16844220   67.74%
 193886 112385       30.0000   362       31.0000       10.0000 17124972   67.74%
 196152 114485       30.0000   197       31.0000       10.0000 17270604   67.74%
 198813 116336       15.2500   808       31.0000       10.0000 17443541   67.74%
Elapsed time = 440.21 sec. (293963.64 ticks, tree = 260.62 MB, solutions = 2)
 201473 119228       27.0000   793       31.0000       10.0000 17711050   67.74%
 204771 121951       30.0000    94       31.0000       10.0000 17936218   67.74%
 207825 123983    infeasible             31.0000       10.0000 18134045   67.74%
 211031 127332       30.0000   530       31.0000       10.0000 18359801   67.74%
 213925 130649       30.0000   592       31.0000       10.0000 18612143   67.74%
 217064 133525       13.0000  1074       31.0000       10.0000 18855762   67.74%
 219437 135541       30.0000   322       31.0000       10.0000 18999721   67.74%
 222015 138121       30.0000   512       31.0000       10.0000 19169320   67.74%
 225101 140895       28.0000   649       31.0000       10.0000 19384596   67.74%
 228275 144031       30.0000   153       31.0000       10.0000 19622555   67.74%
Elapsed time = 497.56 sec. (332124.72 ticks, tree = 325.14 MB, solutions = 2)
 231453 145899       29.0000   631       31.0000       10.0000 19764928   67.74%
 234650 148868       27.0000   232       31.0000       10.0000 19954065   67.74%
 237612 152102       24.0000   274       31.0000       10.0000 20194144   67.74%
 240582 154446       21.0000   676       31.0000       10.0000 20408840   67.74%
 243716 157980       30.0000   241       31.0000       10.0000 20692488   67.74%
 246635 160110       25.0000   705       31.0000       10.0000 20849249   67.74%
 249574 162830       30.0000   381       31.0000       10.0000 21098323   67.74%
 251543 164277       27.0000   680       31.0000       10.0000 21194815   67.74%
 254626 167835       14.0645   859       31.0000       10.0000 21446675   67.74%
 257900 170254       26.0000   521       31.0000       10.0000 21647888   67.74%
Elapsed time = 555.04 sec. (370287.82 ticks, tree = 385.10 MB, solutions = 2)
 260971 173789       27.0000   783       31.0000       10.0000 21877675   67.74%
 264113 175847       30.0000   505       31.0000       10.0000 22037405   67.74%
 267272 179236       22.0000   738       31.0000       10.0000 22305994   67.74%
 270563 181124    infeasible             31.0000       10.0000 22431848   67.74%
 273495 184177       30.0000   354       31.0000       10.0000 22681714   67.74%
 276744 186904       30.0000   307       31.0000       10.0000 22890808   67.74%
 280190 190219       30.0000   315       31.0000       10.0000 23106918   67.74%
 283620 193762       21.0000   884       31.0000       10.0000 23325904   67.74%
 286340 196422       30.0000   762       31.0000       10.0000 23477685   67.74%
 288772 197801       30.0000   631       31.0000       10.0000 23561397   67.74%
Elapsed time = 612.89 sec. (408451.63 ticks, tree = 448.61 MB, solutions = 2)
 292408 201405       30.0000   413       31.0000       10.0000 23739981   67.74%
 295744 204917       30.0000   388       31.0000       10.0000 23951640   67.74%
 299127 208421       30.0000   445       31.0000       10.0000 24138758   67.74%
 302478 211144       30.0000   615       31.0000       10.0000 24365885   67.74%
 305762 213301       24.0000   669       31.0000       10.0000 24525336   67.74%
 309029 216806       30.0000   123       31.0000       10.0000 24740751   67.74%
 312620 220324       30.0000   639       31.0000       10.0000 24977827   67.74%
 316142 223334       30.0000   273       31.0000       10.0000 25112043   67.74%
 319419 226879       28.0000   133       31.0000       10.0000 25341701   67.74%
 322948 230037       11.2657  1095       31.0000       10.0000 25548853   67.74%
Elapsed time = 671.21 sec. (446607.71 ticks, tree = 523.29 MB, solutions = 2)
 326093 232595       21.0000   726       31.0000       10.0000 25724078   67.74%
 327630 234911       12.0000   982       31.0000       10.0000 25864907   67.74%
 330997 237743       30.0000   380       31.0000       10.0000 26034210   67.74%
 334480 241001       29.0000   368       31.0000       10.0000 26196749   67.74%
 338073 244149       29.0000   733       31.0000       10.0000 26370032   67.74%
 341452 247605       30.0000   493       31.0000       10.0000 26571798   67.74%
 345012 250828       28.0000   631       31.0000       10.0000 26765350   67.74%
 348616 253158       30.0000   909       31.0000       10.0000 26872616   67.74%
 352136 257270       13.0000   964       31.0000       10.0000 27089547   67.74%
 355992 260376       30.0000   609       31.0000       10.0000 27258979   67.74%
Elapsed time = 726.61 sec. (484764.59 ticks, tree = 591.27 MB, solutions = 2)
 360088 264374       30.0000   135       31.0000       10.0000 27392529   67.74%
 364266 267038       30.0000   429       31.0000       10.0000 27475202   67.74%
 367939 271942       28.0000   741       31.0000       10.0000 27670374   67.74%
 371579 275308       29.0000   963       31.0000       10.0000 27849111   67.74%
 375218 277551       30.0000   440       31.0000       10.0000 27968209   67.74%
 377201 280588       29.0000   423       31.0000       10.0000 28112640   67.74%
 381135 283687       30.0000   729       31.0000       10.0000 28221268   67.74%
 385052 287380       30.0000   651       31.0000       10.0000 28366769   67.74%
 388598 291550       30.0000   476       31.0000       10.0000 28582108   67.74%
 392429 294819       29.0000   910       31.0000       10.0000 28724377   67.74%
Elapsed time = 780.21 sec. (522923.47 ticks, tree = 672.25 MB, solutions = 2)
 396264 297605       30.0000   110       31.0000       10.0000 28848901   67.74%
 400095 300577       25.0000   653       31.0000       10.0000 28962209   67.74%
 404061 304616       12.4375  1034       31.0000       10.0000 29117540   67.74%
 407641 308277       30.0000   499       31.0000       10.0000 29285689   67.74%
 411715 313140       29.0000   532       31.0000       10.0000 29481891   67.74%
Starting limited solution polishing.
 415677 316976       27.0000   621       31.0000       10.0000 29628372   67.74%
 417936 319586       30.0000   626       31.0000       10.0000 29754425   67.74%
 421070 321201       30.0000   531       31.0000       10.0000 29854339   67.74%
 424688 324843       30.0000   111       31.0000       10.0000 30011474   67.74%
 428382 328483       30.0000   558       31.0000       10.0000 30185038   67.74%
Elapsed time = 834.60 sec. (561083.11 ticks, tree = 751.88 MB, solutions = 2)
 431373 331198       30.0000   114       31.0000       10.0000 30295409   67.74%
 433885 333875       20.0000   675       31.0000       10.0000 30404010   67.74%
 435665 335968       28.0000   965       31.0000       10.0000 30480184   67.74%
 437470 335987       30.0000   764       31.0000       10.0000 30480671   67.74%
 438355 338527       30.0000   386       31.0000       10.0000 30598121   67.74%
 440449 339904       30.0000   226       31.0000       10.0000 30649533   67.74%
 441721 341801       29.0000   642       31.0000       10.0000 30712357   67.74%
 442858 342388       29.0000   805       31.0000       10.0000 30732411   67.74%
 444295 344114       30.0000   963       31.0000       10.0000 30789889   67.74%
 445444 345177       29.0000   595       31.0000       10.0000 30837579   67.74%
Elapsed time = 886.20 sec. (599241.27 ticks, tree = 789.72 MB, solutions = 2)
 447356 345744       30.0000   133       31.0000       10.0000 30850301   67.74%
 451415 349561       30.0000   187       31.0000       10.0000 30949206   67.74%

Cover cuts applied:  453
Implied bound cuts applied:  56
Flow cuts applied:  121
Mixed integer rounding cuts applied:  1618
Zero-half cuts applied:  80
Gomory fractional cuts applied:  121

Root node processing (before b&c):
  Real time             =    0.41 sec. (476.82 ticks)
Parallel b&c, 8 threads:
  Real time             =  899.62 sec. (608874.87 ticks)
  Sync time (average)   =   71.11 sec.
  Wait time (average)   =    0.09 sec.
                          ------------
Total (root+branch&cut) =  900.03 sec. (609351.68 ticks)
Processando grafos:   8%|▊         | 4/53 [34:06<6:14:17, 458.31s/grafo]solve: 900.08s
status: time limit exceeded
[OK] c-fat200-1_clean.mtx → c-fat200-1_clean.csv
[CLEANUP] c-fat200-1_clean.mtx removido da pasta de entrada.

Processando c-fat200-5_clean.mtx
greedy: 0.18s | k0=223 | ok=True
dist2: 0.02s
[INFO] MIP start adicionado via add_mip_start().
solving...
Version identifier: 22.1.1.0 | 2022-11-28 | 9160aff4d
CPXPARAM_Read_DataCheck                          1
CPXPARAM_Emphasis_MIP                            1
CPXPARAM_MIP_Strategy_HeuristicFreq              10
CPXPARAM_TimeLimit                               900
1 of 1 MIP starts provided solutions.
MIP start 'm1' defined initial solution with objective 223.0000.
Tried aggregator 1 time.
MIP Presolve eliminated 1 rows and 0 columns.
MIP Presolve modified 42561 coefficients.
Reduced MIP has 28574 rows, 14388 columns, and 85522 nonzeros.
Reduced MIP has 14187 binaries, 201 generals, 0 SOSs, and 0 indicators.
Presolve time = 0.04 sec. (42.25 ticks)
Probing fixed 0 vars, tightened 1 bounds.
Probing time = 0.01 sec. (9.11 ticks)
Tried aggregator 1 time.
Detecting symmetries...
Reduced MIP has 28574 rows, 14388 columns, and 85522 nonzeros.
Reduced MIP has 14187 binaries, 201 generals, 0 SOSs, and 0 indicators.
Presolve time = 0.04 sec. (48.49 ticks)
Probing time = 0.01 sec. (7.99 ticks)
MIP emphasis: integer feasibility.
MIP search method: dynamic search.
Parallel mode: deterministic, using up to 8 threads.
Root relaxation solution time = 0.06 sec. (127.27 ticks)

        Nodes                                         Cuts/
   Node  Left     Objective  IInf  Best Integer    Best Bound    ItCnt     Gap

*     0+    0                          223.0000        2.0000            99.10%
      0     0        2.0000 14187      223.0000        2.0000     1774   99.10%
      0     0       43.0000 13664      223.0000    Cuts: 7231     5448   80.72%
      0     0       43.0004 13780      223.0000    Fract: 121     5628   80.72%
Detecting symmetries...
      0     1       43.0004  9828      223.0000       43.0004     5628   80.72%
Elapsed time = 10.97 sec. (6710.94 ticks, tree = 0.02 MB, solutions = 1)
      6     7       44.0000 12502      223.0000       44.0000    10100   80.27%
     16    17       44.0000 11795      223.0000       44.0000    11177   80.27%
     21    22       44.0000 11420      223.0000       44.0000    12310   80.27%
     31     4       44.0000 12849      223.0000       44.0000     9886   80.27%
     58    48       44.0000 11413      223.0000       44.0000    15768   80.27%
     84    66       44.0000 11292      223.0000       44.0000    18655   80.27%
    119    97       44.0000 11908      223.0000       44.0000    23194   80.27%
    155   136       44.0000 10981      223.0000       44.0000    32456   80.27%
    203   183       44.0000 10988      223.0000       44.0000    40748   80.27%
    338   296       45.0000 10659      223.0000       44.0000    68374   80.27%
Elapsed time = 15.38 sec. (9953.15 ticks, tree = 4.09 MB, solutions = 1)
    597   479       44.0000 10511      223.0000       44.0000    97886   80.27%
    834   686       48.0000  8657      223.0000       44.0000   144872   80.27%
   1080   872       46.0000  6748      223.0000       44.0000   192105   80.27%
   1322  1203       54.0000  7259      223.0000       44.0000   249642   80.27%
   1574  1448       50.0000  6721      223.0000       44.0000   297412   80.27%

Performing restart 1

Repeating presolve.
Tried aggregator 1 time.
MIP Presolve modified 42561 coefficients.
Reduced MIP has 28574 rows, 14388 columns, and 85522 nonzeros.
Reduced MIP has 14187 binaries, 201 generals, 0 SOSs, and 0 indicators.
Presolve time = 0.04 sec. (40.71 ticks)
Tried aggregator 1 time.
Reduced MIP has 28574 rows, 14388 columns, and 85522 nonzeros.
Reduced MIP has 14187 binaries, 201 generals, 0 SOSs, and 0 indicators.
Presolve time = 0.05 sec. (50.07 ticks)
Represolve time = 0.22 sec. (203.38 ticks)
   1713     0       44.0000 11668      223.0000    Cuts: 3122   353762   80.27%
   1713     0       44.0000 11252      223.0000    Cuts: 7243   359770   80.27%
   1713     0       44.0000 11600      223.0000    Cuts: 5900   365112   80.27%
   1713     2       44.0000  8802      223.0000       44.0000   365112   80.27%
   1728    17       44.0000  8757      223.0000       44.0000   366381   80.27%
   1739     9       44.0000  8912      223.0000       44.0000   366390   80.27%
   1759    34       44.0000  8981      223.0000       44.0000   377074   80.27%
   1795    67       44.0000  8846      223.0000       44.0000   396941   80.27%
Elapsed time = 78.92 sec. (53624.15 ticks, tree = 0.63 MB, solutions = 1)
   1854   109       45.0000  7584      223.0000       44.0000   426094   80.27%
   1932   160       46.0000  7945      223.0000       44.0000   464332   80.27%
   2049   242       44.0000  8884      223.0000       44.0000   515128   80.27%
   2189   397       45.0000  6739      223.0000       44.0000   589848   80.27%
   2326   518       46.0000  6654      223.0000       44.0000   632346   80.27%
   2441   608       48.0000  4915      223.0000       44.0000   663885   80.27%
   2554   695       47.0000  6468      223.0000       44.0000   704856   80.27%
   2678   825       46.0000  6619      223.0000       44.0000   779385   80.27%
   2764   897       48.0000  4044      223.0000       44.0000   821878   80.27%
   2838  1051       47.0000  5849      223.0000       44.0000   926764   80.27%
Elapsed time = 97.75 sec. (63268.29 ticks, tree = 8.58 MB, solutions = 1)
   2924  1116       48.0000  3988      223.0000       44.0000   987476   80.27%
   2999  1208       51.0000  2657      223.0000       44.0000  1048402   80.27%
   3074  1249       46.0000  5605      223.0000       44.0000  1094453   80.27%
   3127  1374       48.0000  3244      223.0000       44.0000  1240301   80.27%
   3181  1420       47.0000  4877      223.0000       44.0000  1286808   80.27%
   3247  1474       46.0000  5255      223.0000       44.0000  1358286   80.27%
   3300  1510       46.0000  4890      223.0000       44.0000  1403361   80.27%
   3339  1577       48.0000  5033      223.0000       44.0000  1494185   80.27%
   3371  1633       48.0000  3821      223.0000       44.0000  1549122   80.27%
   3411  1655       53.0000  2883      223.0000       44.0000  1595107   80.27%
Elapsed time = 118.33 sec. (72978.31 ticks, tree = 13.81 MB, solutions = 1)
   3474  1673       50.0000  3463      223.0000       44.0000  1607826   80.27%
   3537  1707       53.0000  2700      223.0000       44.0000  1632899   80.27%
   3598  1819       48.0000  2862      223.0000       44.0000  1754619   80.27%
   3654  1867       55.0000  2336      223.0000       44.0000  1798884   80.27%
   3708  1898       48.0000  3714      223.0000       44.0000  1833392   80.27%
   3757  1944       48.0000  3105      223.0000       44.0000  1874989   80.27%
   3790  1998       48.0000  3755      223.0000       44.0000  1944983   80.27%
   3835  2056       47.0000  3716      223.0000       44.0000  2016328   80.27%
   3886  2081       48.0000  2595      223.0000       44.0000  2066617   80.27%
   3932  2138       48.0000  3398      223.0000       44.0000  2131851   80.27%
Elapsed time = 139.56 sec. (82782.66 ticks, tree = 18.27 MB, solutions = 1)
   3963  2191       58.0000  1803      223.0000       44.0000  2174646   80.27%
   3985  2209       49.0000  4379      223.0000       44.0000  2241992   80.27%
   4000  2265       56.0000  2414      223.0000       44.0000  2322832   80.27%
   4033  2284       54.0000  2036      223.0000       44.0000  2386209   80.27%
   4103  2295       50.0000  2826      223.0000       44.0000  2364826   80.27%
   4159  2405       58.0000  2085      223.0000       44.0000  2513994   80.27%
   4208  2420       58.0000  2024      223.0000       44.0000  2520435   80.27%
   4248  2425       57.0000  1600      223.0000       44.0000  2546088   80.27%
   4288  2523       57.0000  1582      223.0000       44.0000  2681011   80.27%
   4329  2547       47.0003  3997      223.0000       44.0000  2743460   80.27%
Elapsed time = 160.18 sec. (92576.05 ticks, tree = 22.91 MB, solutions = 1)
   4371  2590       60.0000  1995      223.0000       44.0000  2780631   80.27%
   4409  2613       61.0000  1942      223.0000       44.0000  2786492   80.27%
   4431  2613       48.0000  3206      223.0000       44.0000  2843004   80.27%
   4447  2704       49.0000  2778      223.0000       44.0000  2936834   80.27%
   4478  2705       61.0000  1537      223.0000       44.0000  2945575   80.27%
   4531  2737       49.0000  2726      223.0000       44.0000  2993235   80.27%
   4589  2756       52.0000  1999      223.0000       44.0000  3051864   80.27%
   4639  2862       62.0000  1480      223.0000       44.0000  3152275   80.27%
   4686  2879       57.0000  1836      223.0000       44.0000  3177749   80.27%
   4743  2950       48.0000  2824      223.0000       44.0000  3285198   80.27%
Elapsed time = 181.51 sec. (102300.82 ticks, tree = 26.42 MB, solutions = 1)
   4794  3004       52.0000  1854      223.0000       44.0000  3353106   80.27%
   4843  2999       57.0000  1643      223.0000       44.0000  3347196   80.27%
   4889  3117       57.0000  1762      223.0000       44.0000  3479296   80.27%
   4939  3080       63.0000  1133      223.0000       44.0000  3437547   80.27%
   4986  3157       52.0000  1818      223.0000       44.0000  3538397   80.27%
   5040  3161       52.0000  1889      223.0000       44.0000  3546638   80.27%
   5089  3251       52.0000  1642      223.0000       44.0000  3667780   80.27%
   5115  3264       48.0000  3109      223.0000       44.0000  3695281   80.27%
   5122  3307       49.0000  2698      223.0000       44.0000  3745073   80.27%
   5127  3308       49.0000  2690      223.0000       44.0000  3750533   80.27%
Elapsed time = 206.46 sec. (112659.50 ticks, tree = 29.75 MB, solutions = 1)
   5133  3401       52.0000  1607      223.0000       44.0000  3864358   80.27%
   5151  3401       51.0000  2549      223.0000       44.0000  3855537   80.27%
   5180  3426       52.0445  1904      223.0000       44.0000  3919575   80.27%
   5210  3439       65.0000  1187      223.0000       44.0000  3942818   80.27%
   5259  3444       52.0000  1529      223.0000       44.0000  3963705   80.27%
   5336  3461       49.0000  3017      223.0000       44.0000  3968811   80.27%
   5407  3568       65.0000  1061      223.0000       44.0000  4074496   80.27%
   5467  3529       52.0000  1531      223.0000       44.0000  4073902   80.27%
   5546  3691       79.0000   787      223.0000       44.0000  4139389   80.27%
   5633  3614       58.0000  1311      223.0000       44.0000  4134345   80.27%
Elapsed time = 226.99 sec. (122393.86 ticks, tree = 32.68 MB, solutions = 1)
   5712  3695       53.0000  1821      223.0000       44.0000  4181163   80.27%
   5793  3915       52.0000  1453      223.0000       44.0000  4316384   80.27%
   5855  3924       52.0000  1457      223.0000       44.0000  4321072   80.27%
   5885  3931       52.0000  1420      223.0000       44.0000  4328156   80.27%
   5899  4137       56.0000  1323      223.0000       44.0000  4466429   80.27%
   5905  4154       49.0093  2565      223.0000       44.0000  4493369   80.27%
   5932  4174       73.0000   868      223.0000       44.0000  4522768   80.27%
   5977  4168       53.0000  1759      223.0000       44.0000  4522646   80.27%
   6025  4215       74.0000   783      223.0000       44.0000  4534734   80.27%
   6344  4311       55.0000  1265      223.0000       44.0000  4643428   80.27%
Elapsed time = 259.42 sec. (136214.01 ticks, tree = 39.23 MB, solutions = 1)
   6433  4528       44.0000  9880      223.0000       44.0000  4717898   80.27%
   6512  4735       44.0000  7666      223.0000       44.0000  4900805   80.27%
   6755  4779       75.0000   452      223.0000       44.0000  4927165   80.27%
   6996  5087       54.0179  1337      223.0000       44.0000  5162041   80.27%
   7246  5295       61.0000  1076      223.0000       44.0000  5323524   80.27%
   7387  5412       44.0000  9025      223.0000       44.0000  5346268   80.27%
   7499  5592       46.0000  4298      223.0000       44.0000  5532264   80.27%
   7765  5714       44.0070  7543      223.0000       44.0000  5587217   80.27%
   7940  5966       46.0000  5215      223.0000       44.0000  5804682   80.27%
   8014  6154       46.0000  5255      223.0000       44.0000  6002990   80.27%
Elapsed time = 353.74 sec. (174648.48 ticks, tree = 55.81 MB, solutions = 1)
   8142  6202       55.0000  1559      223.0000       44.0000  6082461   80.27%
   8317  6328       55.0000  1560      223.0000       44.0000  6223587   80.27%
   8520  6540       46.0179  4207      223.0000       44.0000  6467720   80.27%
   8715  6701       63.0000   759      223.0000       44.0000  6611385   80.27%
   8861  6812       48.0000  3695      223.0000       44.0000  6728431   80.27%
   8906  7004       48.0534  3460      223.0000       44.0000  6912873   80.27%
   9007  7051       61.2351   960      223.0000       44.0000  6980631   80.27%
   9188  7221       63.0000   715      223.0000       44.0000  7172064   80.27%
   9381  7246       63.0177   770      223.0000       44.0000  7188567   80.27%
   9576  7405       50.0000  2450      223.0000       44.0000  7381248   80.27%
Elapsed time = 441.65 sec. (212966.36 ticks, tree = 67.66 MB, solutions = 1)
   9779  7608       48.0179  2978      223.0000       44.0000  7554075   80.27%
   9942  7853       48.0179  2960      223.0000       44.0000  7769957   80.27%
  10064  7988       48.0000  6471      223.0000       44.0000  7837799   80.27%
  10121  8182       48.0000  5445      223.0000       44.0000  8029126   80.27%
  10245  8237       48.0000  4588      223.0000       44.0000  8099109   80.27%
  10410  8264       48.0000  4231      223.0000       44.0000  8140003   80.27%
  10598  8368       70.0179   709      223.0000       44.0000  8243406   80.27%
  10827  8518       52.0358  1818      223.0000       44.0000  8440409   80.27%
  11040  8834       53.0000  1540      223.0000       44.0000  8706404   80.27%
  11357  9118       85.0000   303      223.0000       44.0000  8845885   80.27%
Elapsed time = 530.98 sec. (251266.15 ticks, tree = 87.23 MB, solutions = 1)
  11568  9118       52.0000  1871      223.0000       44.0000  8896938   80.27%
  11675  9500       46.0000  6499      223.0000       44.0000  9050360   80.27%
  11773  9578       49.0000  2812      223.0000       44.0000  9161707   80.27%
  11908  9720       56.0000  1470      223.0000       44.0000  9284239   80.27%
  12066  9879       49.0000  2518      223.0000       44.0000  9497382   80.27%
  12246  9990       54.0000  1369      223.0000       44.0000  9635919   80.27%
  12426  9997       47.0000  4352      223.0000       44.0000  9657370   80.27%
  12565 10326       62.0000   969      223.0000       44.0000 10017920   80.27%
  12707 10348       62.0000   934      223.0000       44.0000 10029261   80.27%
  12770 10489       49.0000  3692      223.0000       44.0000 10251766   80.27%
Elapsed time = 623.26 sec. (289678.10 ticks, tree = 106.69 MB, solutions = 1)
  12812 10696       48.0000  3706      223.0000       44.0000 10486719   80.27%
  12913 10730       60.0000  1107      223.0000       44.0000 10541128   80.27%
  13059 10743       50.0000  2005      223.0000       44.0000 10572098   80.27%
  13184 10875       50.0000  1945      223.0000       44.0000 10817899   80.27%
  13312 10887       50.0000  1956      223.0000       44.0000 10845698   80.27%
  13457 11081       60.0000  1038      223.0000       44.0000 11084624   80.27%
  13579 11356       50.0000  1832      223.0000       44.0000 11440751   80.27%
  13675 11353       72.0000   504      223.0000       44.0000 11406910   80.27%
  13721 11409       51.0000  2046      223.0000       44.0000 11517767   80.27%
  13757 11583       48.0000  2884      223.0000       44.0000 11795292   80.27%
Elapsed time = 714.12 sec. (328537.14 ticks, tree = 116.69 MB, solutions = 1)
  13819 11602       72.0000   515      223.0000       44.0000 11852850   80.27%
  13935 11622       44.0000  9188      223.0000       44.0000 11869582   80.27%
  14090 11633       64.0000   659      223.0000       44.0000 11898945   80.27%
  14251 11705       52.0000  1591      223.0000       44.0000 12038843   80.27%
  14360 11956       64.0179   528      223.0000       44.0000 12281280   80.27%
  14495 12091       46.0000  6337      223.0000       44.0000 12395468   80.27%
  14571 12120       46.0000  4570      223.0000       44.0000 12472364   80.27%
  14632 12345       47.0000  4721      223.0000       44.0000 12729992   80.27%
  14739 12394       53.0045  1557      223.0000       44.0000 12780662   80.27%
  14870 12444       47.0000  4185      223.0000       44.0000 12859270   80.27%
Elapsed time = 808.83 sec. (366949.59 ticks, tree = 124.50 MB, solutions = 1)
  14985 12625       66.0000   630      223.0000       44.0000 13040744   80.27%
  15093 12633       69.0000   402      223.0000       44.0000 13054405   80.27%
  15225 12675       54.0087  1464      223.0000       44.0000 13122990   80.27%
  15390 12872       74.0000   324      223.0000       44.0000 13347582   80.27%
  15585 12935       76.0000   313      223.0000       44.0000 13361590   80.27%
  15734 13246       75.0000   305      223.0000       44.0000 13716852   80.27%
  15834 13294       75.0000   292      223.0000       44.0000 13731948   80.27%
  15954 13564       45.0000  8374      223.0000       44.0000 14057505   80.27%
  16084 13610       45.0000  7294      223.0000       44.0000 14078208   80.27%
  16199 13622       53.0000  1441      223.0000       44.0000 14193872   80.27%
Elapsed time = 899.28 sec. (405466.07 ticks, tree = 138.15 MB, solutions = 1)

Cover cuts applied:  176
Implied bound cuts applied:  3
Flow cuts applied:  376
Mixed integer rounding cuts applied:  3662
Zero-half cuts applied:  36
Gomory fractional cuts applied:  59

Root node processing (before b&c):
  Real time             =   10.86 sec. (6638.37 ticks)
Parallel b&c, 8 threads:
  Real time             =  889.20 sec. (401607.18 ticks)
  Sync time (average)   =  134.45 sec.
  Wait time (average)   =    0.04 sec.
                          ------------
Total (root+branch&cut) =  900.06 sec. (408245.55 ticks)
Processando grafos:   9%|▉         | 5/53 [49:08<7:56:30, 595.63s/grafo]solve: 900.15s
status: time limit exceeded
[OK] c-fat200-5_clean.mtx → c-fat200-5_clean.csv
[CLEANUP] c-fat200-5_clean.mtx removido da pasta de entrada.

Processando c-fat500-10_clean.mtx
greedy: 1.14s | k0=413 | ok=True
dist2: 0.19s
[INFO] MIP start adicionado via add_mip_start().
solving...
Version identifier: 22.1.1.0 | 2022-11-28 | 9160aff4d
CPXPARAM_Read_DataCheck                          1
CPXPARAM_Emphasis_MIP                            1
CPXPARAM_MIP_Strategy_HeuristicFreq              10
CPXPARAM_TimeLimit                               900
1 of 1 MIP starts provided solutions.
MIP start 'm1' defined initial solution with objective 413.0000.
Tried aggregator 1 time.
MIP Presolve eliminated 1 rows and 0 columns.
MIP Presolve modified 233631 coefficients.
Reduced MIP has 156254 rows, 78378 columns, and 468262 nonzeros.
Reduced MIP has 77877 binaries, 501 generals, 0 SOSs, and 0 indicators.
Presolve time = 0.21 sec. (230.24 ticks)
Probing fixed 0 vars, tightened 1 bounds.
Probing time = 0.08 sec. (31.42 ticks)
Tried aggregator 1 time.
Detecting symmetries...
Reduced MIP has 156254 rows, 78378 columns, and 468262 nonzeros.
Reduced MIP has 77877 binaries, 501 generals, 0 SOSs, and 0 indicators.
Presolve time = 0.21 sec. (265.95 ticks)
Probing time = 0.06 sec. (28.77 ticks)
MIP emphasis: integer feasibility.
MIP search method: dynamic search.
Parallel mode: deterministic, using up to 8 threads.
Root relaxation solution time = 0.25 sec. (270.21 ticks)

        Nodes                                         Cuts/
   Node  Left     Objective  IInf  Best Integer    Best Bound    ItCnt     Gap

*     0+    0                          413.0000        2.0000            99.52%
      0     0        2.0000 77877      413.0000        2.0000     9735   99.52%
      0     0        2.0000 73901      413.0000 Flowcuts: 10000    16903   99.52%
      0     0        2.0000 77880      413.0000   Cuts: 10000    23911   99.52%
      0     0        2.0000 76601      413.0000    Cuts: 5477    30388   99.52%
Detecting symmetries...
      0     2        2.0000 76542      413.0000        2.0000    30388   99.52%
Elapsed time = 33.61 sec. (39009.29 ticks, tree = 0.02 MB, solutions = 1)
      1     3        2.0000 75758      413.0000        2.0000    32043   99.52%
      3     3        2.0000 76541      413.0000        2.0000    30393   99.52%
      5     7        2.0000 76074      413.0000        2.0000    34044   99.52%
     11    13        2.0000 76056      413.0000        2.0000    34127   99.52%
     18    20        2.0000 76037      413.0000        2.0000    34172   99.52%
     21    23        2.0000 76029      413.0000        2.0000    34188   99.52%
     28    30        2.0000 76009      413.0000        2.0000    34208   99.52%
     31    33        2.0000 76000      413.0000        2.0000    34227   99.52%
     38    40        2.0000 75979      413.0000        2.0000    34242   99.52%
     49    49        2.0000 76683      413.0000        2.0000    38704   99.52%
Elapsed time = 42.81 sec. (43991.75 ticks, tree = 33.04 MB, solutions = 1)
     70    68        2.0000 76950      413.0000        2.0000    47108   99.52%
     85    73        3.0000 68882      413.0000        2.0000    54208   99.52%
    104    77        4.0000 55331      413.0000        2.0000    77551   99.52%
    127   109        4.0000 63320      413.0000        2.0000    95600   99.52%
    139   113        4.0000 61206      413.0000        2.0000   138119   99.52%
    171   147        6.0000 42568      413.0000        2.0000   210140   99.52%
    188   150        4.0000 52774      413.0000        2.0000   228088   99.52%
    222   167        4.0000 52334      413.0000        2.0000   229826   99.52%
    250   177        4.0000 51970      413.0000        2.0000   231339   99.52%
    272   227        5.0000 51709      413.0000        2.0000   267926   99.52%
Elapsed time = 64.80 sec. (54071.24 ticks, tree = 26.37 MB, solutions = 1)
    286   213        6.0000 40824      413.0000        2.0000   267830   99.52%
    317   259        6.0000 42591      413.0000        2.0000   295483   99.52%
    349   299        6.0000 40536      413.0000        2.0000   316312   99.52%
    371   326        6.0000 51531      413.0000        2.0000   326150   99.52%
    399   348        6.0000 34563      413.0000        2.0000   338481   99.52%
    425   364        6.0000 36140      413.0000        2.0000   344466   99.52%
    451   416        6.0000 36053      413.0000        2.0000   370891   99.52%
    484   408        6.0000 40179      413.0000        2.0000   373578   99.52%
    515   437        6.0000 35840      413.0000        2.0000   371182   99.52%
    541   450        6.0000 41609      413.0000        2.0000   390742   99.52%
Elapsed time = 87.78 sec. (63771.39 ticks, tree = 38.39 MB, solutions = 1)
    571   505        6.0000 33776      413.0000        2.0000   414704   99.52%
    599   509        6.0000 33323      413.0000        2.0000   415524   99.52%
    627   139        4.0000 57100      413.0000        2.0000   186659   99.52%
    645   560        9.0000 48686      413.0000        2.0000   447627   99.52%
    656   572        6.0000 33152      413.0000        2.0000   452566   99.52%
    669   646        6.0000 47495      413.0000        2.0000   498461   99.52%
    694   650        6.0000 49142      413.0000        2.0000   502023   99.52%
    724   658        6.0000 46411      413.0000        2.0000   503410   99.52%
    751   658        8.0000 47350      413.0000        2.0000   508292   99.52%
    785   675        7.0000 39507      413.0000        2.0000   510881   99.52%
Elapsed time = 110.16 sec. (74051.66 ticks, tree = 49.69 MB, solutions = 1)
    817   731        6.0000 47957      413.0000        2.0000   549676   99.52%
    846   768        7.0000 39722      413.0000        2.0000   567679   99.52%
    876   755        8.0000 29982      413.0000        2.0000   565576   99.52%
    909   805        6.0000 45625      413.0000        2.0000   588142   99.52%
    939   819        8.0000 33225      413.0000        2.0000   592309   99.52%
    972   902        7.0000 44381      413.0000        2.0000   640059   99.52%
   1000   878        8.0000 29922      413.0000        2.0000   620253   99.52%
   1030   911        7.0000 44653      413.0000        2.0000   644045   99.52%
   1063   930        8.0000 32709      413.0000        2.0000   648154   99.52%
   1099  1028        8.0000 32624      413.0000        2.0000   689885   99.52%
Elapsed time = 134.18 sec. (83830.97 ticks, tree = 58.64 MB, solutions = 1)
   1131  1021        7.0000 44168      413.0000        2.0000   688253   99.52%
   1171  1038        8.0000 32416      413.0000        2.0000   692827   99.52%
   1207  1076        8.0000 29531      413.0000        2.0000   708752   99.52%
   1241  1100        8.0000 37126      413.0000        2.0000   715958   99.52%
   1278  1169        9.0000 45686      413.0000        2.0000   736607   99.52%
   1310  1154        8.0000 31945      413.0000        2.0000   738015   99.52%
   1340  1235        8.0000 36938      413.0000        2.0000   758872   99.52%
   1372  1258        7.0000 44398      413.0000        2.0000   765427   99.52%
   1411  1322       10.0000 37631      413.0000        2.0000   790959   99.52%
   1443  1360        7.0000 44204      413.0000        2.0000   806470   99.52%
Elapsed time = 158.96 sec. (93628.65 ticks, tree = 78.23 MB, solutions = 1)
   1482  1313        8.0000 28501      413.0000        2.0000   791038   99.52%
   1511  1371        7.0000 44268      413.0000        2.0000   810878   99.52%
   1542  1442        8.0000 37273      413.0000        2.0000   840971   99.52%
   1572  1419        7.0000 40196      413.0000        2.0000   834117   99.52%
   1603  1489        8.0000 30811      413.0000        2.0000   865835   99.52%
   1628  1519       12.0000 45560      413.0000        2.0000   867303   99.52%
   1645  1589        8.0000 30542      413.0000        2.0000   928808   99.52%
   1663  1593        8.0000 30371      413.0000        2.0000   932101   99.52%
   1679  1622       12.0000 44818      413.0000        2.0000   934678   99.52%
   1697  1627        8.0000 36724      413.0000        2.0000   937979   99.52%
Elapsed time = 182.50 sec. (103542.96 ticks, tree = 100.16 MB, solutions = 1)
   1715  1672       10.0000 44725      413.0000        2.0000   970568   99.52%
   1734  1648        6.0000 42233      413.0000        2.0000   954897   99.52%
   1755  1683       12.0000 44639      413.0000        2.0000   972511   99.52%
   1775  1689       10.0000 44771      413.0000        2.0000   973471   99.52%
   1798  1713        6.0000 41706      413.0000        2.0000   982393   99.52%
   1817  1718        6.0000 41824      413.0000        2.0000   983498   99.52%
   1833  1757       10.0000 44675      413.0000        2.0000   995841   99.52%
   1855  1811       10.0000 45123      413.0000        2.0000  1022805   99.52%
   1874  1773       10.0000 36407      413.0000        2.0000   999873   99.52%
   1893  1795        8.0000 29165      413.0000        2.0000  1025527   99.52%
Elapsed time = 205.84 sec. (113594.77 ticks, tree = 108.51 MB, solutions = 1)
   1914  1836       14.0000 36282      413.0000        2.0000  1026420   99.52%
   1932  1842       14.0000 36266      413.0000        2.0000  1026977   99.52%
   1955  1888       12.0000 44195      413.0000        2.0000  1056997   99.52%
   1976  1895       13.0000 44175      413.0000        2.0000  1057737   99.52%
   2002  1921        8.0000 28390      413.0000        2.0000  1064442   99.52%
   2019  1917       16.0000 36265      413.0000        2.0000  1057715   99.52%
   2036  1966       12.0000 44330      413.0000        2.0000  1083459   99.52%
   2058  1932       10.0000 27091      413.0000        2.0000  1069415   99.52%
   2073  1988       14.0000 36146      413.0000        2.0000  1085915   99.52%
   2094  1995       14.0000 36080      413.0000        2.0000  1086521   99.52%
Elapsed time = 229.35 sec. (123450.66 ticks, tree = 120.35 MB, solutions = 1)
   2124  2050       16.0000 36050      413.0000        2.0000  1112405   99.52%
   2141  2060       16.0000 35986      413.0000        2.0000  1113209   99.52%
   2163  2103        6.0000 41464      413.0000        2.0000  1140527   99.52%
   2184  2077       14.0000 36465      413.0000        2.0000  1114619   99.52%
   2201  2134       14.0000 36038      413.0000        2.0000  1142419   99.52%
   2219  2110        8.0000 41649      413.0000        2.0000  1156496   99.52%
   2242  2187       12.0000 26882      413.0000        2.0000  1168916   99.52%
   2260  2178        8.0000 41457      413.0000        2.0000  1172494   99.52%
   2285  2196       10.0000 26891      413.0000        2.0000  1171143   99.52%
   2372  2292       14.0000 35861      413.0000        2.0000  1202464   99.52%
Elapsed time = 258.41 sec. (136174.79 ticks, tree = 134.60 MB, solutions = 1)
   2461  2378       16.0000 35417      413.0000        2.0000  1231534   99.52%
   2556  2437       10.0000 26184      413.0000        2.0000  1242306   99.52%
   2651  2527       22.0000 41580      413.0000        2.0000  1266210   99.52%
   2742  2621       24.0000 41446      413.0000        2.0000  1286748   99.52%
   2829  2722       12.0000 25869      413.0000        2.0000  1326916   99.52%
   2926  2810       12.0000 25885      413.0000        2.0000  1357976   99.52%
   3023  2872       16.0000 34833      413.0000        2.0000  1373992   99.52%
   3121  3015       22.0000 40845      413.0000        2.0000  1396241   99.52%
   3218  3121       24.0000 40808      413.0000        2.0000  1420030   99.52%
   3316  3181       16.0000 35191      413.0000        2.0000  1442738   99.52%
Elapsed time = 341.13 sec. (174720.84 ticks, tree = 171.64 MB, solutions = 1)
   3398  3255       14.0000 24439      413.0000        2.0000  1455696   99.52%
   3497  3348       14.0000 25079      413.0000        2.0000  1479568   99.52%
   3594  3443       28.0000 38303      413.0000        2.0000  1490643   99.52%
   3697  3561       26.0000 38267      413.0000        2.0000  1507644   99.52%
   3795  3655       20.0000 35139      413.0000        2.0000  1520430   99.52%
   3894  3796       28.0000 37157      413.0000        2.0000  1541315   99.52%
   4006  3855        7.0000 26667      413.0000        2.0000  1554421   99.52%
   4116  3942       32.0000 36902      413.0000        2.0000  1559340   99.52%
   4232  4098       18.0000 24000      413.0000        2.0000  1575883   99.52%
   4347  4243       16.0000 24047      413.0000        2.0000  1589728   99.52%
Elapsed time = 446.34 sec. (213133.43 ticks, tree = 222.20 MB, solutions = 1)
   4455  4306       30.0000 33653      413.0000        2.0000  1605676   99.52%
   4562  4396       16.0000 24148      413.0000        2.0000  1613246   99.52%
   4670  4525       42.0000 36559      413.0000        2.0000  1630162   99.52%
   4783  4617       30.0000 33530      413.0000        2.0000  1646187   99.52%
   4891  4754       32.0000 33522      413.0000        2.0000  1665402   99.52%
   5016  4849       20.0000 23815      413.0000        2.0000  1672235   99.52%
   5127  4880       22.0000 23786      413.0000        2.0000  1674356   99.52%
   5236  5084       36.0000 33281      413.0000        2.0000  1712652   99.52%
   5362  5123       42.0000 33004      413.0000        2.0000  1714006   99.52%
   5476  5313       52.0000 33697      413.0000        2.0000  1737949   99.52%
Elapsed time = 541.50 sec. (251582.50 ticks, tree = 273.74 MB, solutions = 1)
   5587  5350       58.0000 33656      413.0000        2.0000  1738906   99.52%
   5693  5470       50.0000 31907      413.0000        2.0000  1761611   99.52%
   5793  5603       54.0000 30716      413.0000        2.0000  1782548   99.52%
   5899  5679       70.0000 32090      413.0000        2.0000  1785866   99.52%
   6002  5817       72.0000 31356      413.0000        2.0000  1810830   99.52%
   6127  5960       72.0000 31362      413.0000        2.0000  1834248   99.52%
   6278  5999       70.0000 31377      413.0000        2.0000  1834818   99.52%

Performing restart 1

Repeating presolve.
Tried aggregator 1 time.
MIP Presolve modified 233631 coefficients.
Reduced MIP has 156254 rows, 78378 columns, and 468262 nonzeros.
Reduced MIP has 77877 binaries, 501 generals, 0 SOSs, and 0 indicators.
Presolve time = 0.20 sec. (221.68 ticks)
Tried aggregator 1 time.
Reduced MIP has 156254 rows, 78378 columns, and 468262 nonzeros.
Reduced MIP has 77877 binaries, 501 generals, 0 SOSs, and 0 indicators.
Presolve time = 0.30 sec. (274.31 ticks)
Represolve time = 1.27 sec. (904.49 ticks)
   6360     0        2.0000 61302      413.0000   Cuts: 10000  2036293   99.52%
   6360     0        2.0000 72542      413.0000   Cuts: 10000  2054895   99.52%
   6360     0        2.0000 65305      413.0000   Cuts: 10000  2074524   99.52%
   6360     2        2.0000 63001      413.0000        2.0000  2074524   99.52%
   6361     3        4.0000 59298      413.0000        2.0000  2099540   99.52%
   6365     6        5.0000 45183      413.0000        2.0000  2107860   99.52%
Elapsed time = 794.50 sec. (510540.52 ticks, tree = 0.02 MB, solutions = 1)
   6369    11        6.0000 37275      413.0000        2.0000  2134520   99.52%
   6372    14        6.0000 36764      413.0000        2.0000  2135267   99.52%
   6375    17        6.0000 36675      413.0000        2.0000  2141800   99.52%
   6384    13        6.0000 36997      413.0000        2.0000  2152401   99.52%
   6392    14        7.0000 33040      413.0000        2.0000  2158109   99.52%
   6415    21        7.0000 32230      413.0000        2.0000  2159600   99.52%
   6472    59        8.0000 28820      413.0000        2.0000  2198488   99.52%
   6542   166        6.0000 34741      413.0000        2.0000  2280197   99.52%
   6597   180        6.0000 33055      413.0000        2.0000  2290941   99.52%

Cover cuts applied:  256
Flow cuts applied:  6049
Mixed integer rounding cuts applied:  31835
Zero-half cuts applied:  1871

Root node processing (before b&c):
  Real time             =   32.99 sec. (37970.66 ticks)
Parallel b&c, 8 threads:
  Real time             =  868.28 sec. (521403.59 ticks)
  Sync time (average)   =  137.08 sec.
  Wait time (average)   =    0.24 sec.
                          ------------
Total (root+branch&cut) =  901.27 sec. (559374.24 ticks)
Processando grafos:  11%|█▏        | 6/53 [1:04:19<9:02:22, 692.40s/grafo]solve: 901.49s
status: time limit exceeded
[OK] c-fat500-10_clean.mtx → c-fat500-10_clean.csv
[CLEANUP] c-fat500-10_clean.mtx removido da pasta de entrada.

Processando c-fat500-1_clean.mtx
greedy: 0.01s | k0=40 | ok=True
dist2: 0.01s
[INFO] MIP start adicionado via add_mip_start().
solving...
Version identifier: 22.1.1.0 | 2022-11-28 | 9160aff4d
CPXPARAM_Read_DataCheck                          1
CPXPARAM_Emphasis_MIP                            1
CPXPARAM_MIP_Strategy_HeuristicFreq              10
CPXPARAM_TimeLimit                               900
1 of 1 MIP starts provided solutions.
MIP start 'm1' defined initial solution with objective 40.0000.
Tried aggregator 1 time.
MIP Presolve eliminated 1 rows and 0 columns.
MIP Presolve modified 22791 coefficients.
Reduced MIP has 15694 rows, 8098 columns, and 46582 nonzeros.
Reduced MIP has 7597 binaries, 501 generals, 0 SOSs, and 0 indicators.
Presolve time = 0.01 sec. (22.86 ticks)
Probing fixed 0 vars, tightened 1 bounds.
Probing time = 0.01 sec. (5.41 ticks)
Tried aggregator 1 time.
Detecting symmetries...
Reduced MIP has 15694 rows, 8098 columns, and 46582 nonzeros.
Reduced MIP has 7597 binaries, 501 generals, 0 SOSs, and 0 indicators.
Presolve time = 0.02 sec. (27.67 ticks)
Probing time = 0.01 sec. (4.81 ticks)
MIP emphasis: integer feasibility.
MIP search method: dynamic search.
Parallel mode: deterministic, using up to 8 threads.
Root relaxation solution time = 0.03 sec. (100.77 ticks)

        Nodes                                         Cuts/
   Node  Left     Objective  IInf  Best Integer    Best Bound    ItCnt     Gap

*     0+    0                           40.0000        2.0000            95.00%
      0     0        2.0000  6583       40.0000        2.0000     7152   95.00%
      0     0       10.0000  5793       40.0000    Cuts: 4023    10383   75.00%
      0     0       10.0810  6026       40.0000    Cuts: 1569    11073   74.80%
      0     0       10.0810  5998       40.0000    Cuts: 1535    11616   74.80%
Detecting symmetries...
      0     2       10.0810  5998       40.0000       10.0810    11616   74.80%
Elapsed time = 2.75 sec. (1868.33 ticks, tree = 0.02 MB, solutions = 1)
     11    13       11.0753  5027       40.0000       10.1714    12677   74.57%
*    12+    7                           39.0000       10.1714            73.92%
     12     9       11.0561  5016       39.0000       10.1714    12667   73.92%
     33    20       11.0000  4600       39.0000       10.1714    15342   73.92%
    124    87       13.0000  3559       39.0000       10.2895    23308   73.62%
    226   175       11.0000  4218       39.0000       10.2895    30694   73.62%
    331   271       13.0000  3325       39.0000       10.2895    39186   73.62%
    477   355       13.0000  3108       39.0000       10.2895    49738   73.62%
    614   504       15.0000  2656       39.0000       10.2895    64005   73.62%
    771   655       14.0000  3218       39.0000       10.2895    79829   73.62%
   1445  1231       16.0000  3026       39.0000       10.2895   114852   73.62%
Elapsed time = 6.99 sec. (5025.98 ticks, tree = 5.05 MB, solutions = 3)

Performing restart 1

Repeating presolve.
Tried aggregator 1 time.
MIP Presolve modified 22791 coefficients.
Reduced MIP has 15694 rows, 8098 columns, and 46582 nonzeros.
Reduced MIP has 7597 binaries, 501 generals, 0 SOSs, and 0 indicators.
Presolve time = 0.03 sec. (22.00 ticks)
Tried aggregator 1 time.
Reduced MIP has 15694 rows, 8098 columns, and 46582 nonzeros.
Reduced MIP has 7597 binaries, 501 generals, 0 SOSs, and 0 indicators.
Presolve time = 0.03 sec. (28.51 ticks)
Represolve time = 0.12 sec. (83.14 ticks)
   1708     0       11.0000  4620       39.0000    Cuts: 1871   159499   71.79%
   1708     0       11.0000  5604       39.0000    Cuts: 4023   163331   71.79%
   1708     0       11.0000  4858       39.0000    Cuts: 1797   165871   71.79%
   1708     2       11.0000  4858       39.0000       11.0000   165871   71.79%
   1774    53       11.3902  4233       39.0000       11.0000   169958   71.79%
   1935   170       12.0000  3565       39.0000       11.0000   202150   71.79%
   2246   431       14.0000  2728       39.0000       11.0000   244116   71.79%
   2821   798       14.0000  2204       39.0000       11.0000   281901   71.79%
   3372  1449       16.0000  1619       39.0000       11.0000   325492   71.79%
   3840  2003       15.0000  1608       39.0000       11.0000   375658   71.79%
   3999  2223       14.0000  1842       39.0000       11.0000   439806   71.79%
   4195  2353       15.0000  2832       39.0000       11.0000   469998   71.79%
   4466  2567       13.0000  2745       39.0000       11.0000   531479   71.79%
Elapsed time = 39.15 sec. (28745.50 ticks, tree = 13.57 MB, solutions = 3)
   4936  3011       12.0000  3349       39.0000       11.0000   587518   71.79%
   5283  3380       13.0000  2556       39.0000       11.0000   632534   71.79%
   5703  3710       13.0000  2316       39.0000       11.0000   680561   71.79%
   6138  4102       14.0000  2065       39.0000       11.0000   710328   71.79%
   6420  4410    infeasible             39.0000       11.0000   757580   71.79%
   6738  4729       21.0000  1348       39.0000       11.0000   820469   71.79%
   7120  5086       14.0000  1783       39.0000       11.0000   861585   71.79%
   7417  5475       23.0000  1253       39.0000       11.0000   920685   71.79%
   7798  5736       18.0000  1320       39.0000       11.0000   956622   71.79%
   8242  6097       23.0000   852       39.0000       11.0000   986576   71.79%
Elapsed time = 53.60 sec. (38305.94 ticks, tree = 31.35 MB, solutions = 3)
   8524  6502       18.0000  1228       39.0000       11.0000  1031237   71.79%
   8946  6661       18.0000  1136       39.0000       11.0000  1064238   71.79%
   9410  7194       18.5000  1153       39.0000       11.0000  1118468   71.79%
   9611  7601       21.0000  1580       39.0000       11.0000  1151123   71.79%
  10044  7818       30.0000   572       39.0000       11.0000  1166420   71.79%
  10560  8334       21.0000  1138       39.0000       11.0000  1221082   71.79%
  11172  8725       21.0000   991       39.0000       11.0000  1247433   71.79%
  11699  9329       25.0000  1344       39.0000       11.0000  1271959   71.79%
  12238 10044       25.0000  1071       39.0000       11.0000  1318068   71.79%
  12831 10175       22.0000  1927       39.0000       11.0000  1327752   71.79%
Elapsed time = 67.91 sec. (47856.58 ticks, tree = 52.91 MB, solutions = 3)
  13507 10905       25.0000  1423       39.0000       11.0000  1369122   71.79%
  14020 11601       24.0000  1113       39.0000       11.0000  1398666   71.79%
  14430 12120       34.0000  1071       39.0000       11.0000  1436828   71.79%
  14949 12625       18.0000  2428       39.0000       11.0000  1482671   71.79%
  15534 13104       30.0000   949       39.0000       11.0000  1513643   71.79%
  16044 13345       17.0000  2209       39.0000       11.0000  1532046   71.79%
  16598 14118       24.0000  1045       39.0000       11.0000  1579067   71.79%
  17078 14323       18.0000  1446       39.0000       11.0000  1590519   71.79%
  17348 14990       17.0000  2544       39.0000       11.0000  1648087   71.79%
  17626 15237       28.0000  2350       39.0000       11.0000  1682843   71.79%
Elapsed time = 82.33 sec. (57408.55 ticks, tree = 79.07 MB, solutions = 3)
  18110 15413       22.0000  1273       39.0000       11.0000  1708592   71.79%
  18617 15764       29.0000  1150       39.0000       11.0000  1732416   71.79%
  19201 16138       24.0000  1366       39.0000       11.0000  1764683   71.79%
  19766 16652       32.0000   872       39.0000       11.0000  1806424   71.79%
  20423 17539       25.0000  1683       39.0000       11.0000  1855941   71.79%
  21052 18041       25.0000  1243       39.0000       11.0000  1880087   71.79%
  21629 18951       20.0000  1119       39.0000       11.0000  1923195   71.79%
  22236 19376       27.0000   652       39.0000       11.0000  1960350   71.79%
  22787 19787       28.0000   867       39.0000       11.0000  1975809   71.79%
  23346 20151       37.0000   645       39.0000       11.0000  1998723   71.79%
Elapsed time = 96.13 sec. (66957.40 ticks, tree = 104.69 MB, solutions = 3)
  23947 20855       22.0000   759       39.0000       11.0000  2038886   71.79%
  24343 21307       22.0000   727       39.0000       11.0000  2064453   71.79%
  24763 21630       21.0000  2286       39.0000       11.0000  2083868   71.79%
  25200 22063       31.0000   731       39.0000       11.0000  2116851   71.79%
  25745 22506       18.0000  2473       39.0000       11.0000  2162911   71.79%
  26254 23215       25.0000  1222       39.0000       11.0000  2182486   71.79%
  26772 23868       26.0000  1031       39.0000       11.0000  2232451   71.79%
  27265 23943       26.0000   872       39.0000       11.0000  2234937   71.79%
  27840 24777       33.0000   753       39.0000       11.0000  2311910   71.79%
  28405 25124       32.0000   445       39.0000       11.0000  2324795   71.79%
Elapsed time = 110.01 sec. (76513.56 ticks, tree = 131.52 MB, solutions = 3)
  28879 25545       15.0000  3027       39.0000       11.0000  2356826   71.79%
  29286 25960       33.0000   632       39.0000       11.0000  2382603   71.79%
  29587 26314       22.0000  2476       39.0000       11.0000  2425249   71.79%
  29917 26789       29.0000  1312       39.0000       11.0000  2457463   71.79%
  30445 27234       31.0000  1504       39.0000       11.0000  2522832   71.79%
  31005 27613       28.0000  1983       39.0000       11.0000  2540319   71.79%
  31616 28402       32.0000  1464       39.0000       11.0000  2592058   71.79%
  32230 28497       34.0000  1186       39.0000       11.0000  2594425   71.79%
  32894 28942       34.0000  1221       39.0000       11.0000  2614623   71.79%
  33460 29588       28.0000   627       39.0000       11.0000  2654423   71.79%
Elapsed time = 123.92 sec. (86072.37 ticks, tree = 155.11 MB, solutions = 3)
  33713 30091       20.0000  2680       39.0000       11.0000  2682713   71.79%
  33988 30965       26.0000  1801       39.0000       11.0000  2723324   71.79%
  34232 30967       25.0000  2451       39.0000       11.0000  2740646   71.79%
  34533 31374       26.0000  1116       39.0000       11.0000  2754933   71.79%
  34838 31725       11.7727  4426       39.0000       11.0000  2782284   71.79%
  35171 31907       27.0000  1007       39.0000       11.0000  2787228   71.79%
  35555 32216       16.0000  2752       39.0000       11.0000  2816229   71.79%
  36016 32451       32.0000   837       39.0000       11.0000  2852241   71.79%
  36440 32752       32.0000   847       39.0000       11.0000  2866908   71.79%
  36829 33031       25.0000  1768       39.0000       11.0000  2901774   71.79%
Elapsed time = 137.50 sec. (95634.32 ticks, tree = 173.55 MB, solutions = 3)
  37216 33312       32.0000  1631       39.0000       11.0000  2932304   71.79%
  37708 34267       30.0000   854       39.0000       11.0000  2995690   71.79%
  38253 34336       31.0000   709       39.0000       11.0000  2998407   71.79%
  38835 34572       28.0000  1010       39.0000       11.0000  3010613   71.79%
  39454 35233       31.0000   648       39.0000       11.0000  3044780   71.79%
  40082 35515       28.0000   723       39.0000       11.0000  3056946   71.79%
  40752 37053       26.0000   761       39.0000       11.0000  3132587   71.79%
  41293 36778       27.0000   762       39.0000       11.0000  3118360   71.79%
  41865 37719       31.0000   450       39.0000       11.0000  3162281   71.79%
  43634 39865       28.0000  1934       39.0000       11.0000  3312406   71.79%
Elapsed time = 154.86 sec. (108044.02 ticks, tree = 211.66 MB, solutions = 3)
  45810 41320       37.0000   510       39.0000       11.0000  3445548   71.79%
  47982 43866       26.0000  1732       39.0000       11.0000  3610204   71.79%
  50269 45838       34.0000   502       39.0000       11.0000  3725365   71.79%
  52194 47618       35.0000   689       39.0000       11.0000  3870265   71.79%
  54448 50005       29.0000   862       39.0000       11.0000  3997334   71.79%
  56510 51750       24.0000   566       39.0000       11.0000  4106244   71.79%
  57904 53299       27.0000  1384       39.0000       11.0000  4264011   71.79%
  60627 55476       30.0000   882       39.0000       11.0000  4410561   71.79%
  62920 58107       19.0000  2532       39.0000       11.0000  4537790   71.79%
  64411 59684       24.0000  2405       39.0000       11.0000  4696464   71.79%
Elapsed time = 207.59 sec. (146200.46 ticks, tree = 318.15 MB, solutions = 3)

Performing restart 2

Repeating presolve.
Tried aggregator 1 time.
MIP Presolve modified 22791 coefficients.
Reduced MIP has 15694 rows, 8098 columns, and 46582 nonzeros.
Reduced MIP has 7597 binaries, 501 generals, 0 SOSs, and 0 indicators.
Presolve time = 0.02 sec. (22.03 ticks)
Tried aggregator 1 time.
Reduced MIP has 15694 rows, 8098 columns, and 46582 nonzeros.
Reduced MIP has 7597 binaries, 501 generals, 0 SOSs, and 0 indicators.
Presolve time = 0.02 sec. (28.51 ticks)
Represolve time = 0.14 sec. (98.12 ticks)
  64878     0       11.0167  5974       39.0000    Cuts: 4023  4834792   71.75%
  64878     0       12.0000  5142       39.0000    Cuts: 1614  4838673   69.23%
  64878     0       12.0000  5068       39.0000    Cuts: 3563  4841058   69.23%
  64878     2       12.0000  2961       39.0000       12.0000  4841058   69.23%
  65537   572       14.0000  2113       39.0000       12.0000  4940623   69.23%
  67204  2182       14.0000  1491       39.0000       12.0000  5131418   69.23%
  68639  3586       16.0046  1330       39.0000       12.0000  5349956   69.23%
  69178  3716       12.0000  2961       39.0000       12.0000  5367319   69.23%
  70023  4721       19.0000  1012       39.0000       12.0000  5502049   69.23%
  71327  6139       21.0000  1420       39.0000       12.0000  5674177   69.23%
  72446  7071       19.0000  1340       39.0000       12.0000  5804805   69.23%
  73739  8277       14.0220  2950       39.0000       12.0000  5917553   69.23%
  75183  9732       21.0000   682       39.0000       12.0000  6032617   69.23%
Elapsed time = 289.27 sec. (205465.49 ticks, tree = 64.80 MB, solutions = 3)
  76575 11107       29.0000   785       39.0000       12.0000  6126944   69.23%
  78049 12339       27.0000  1245       39.0000       12.0000  6190010   69.23%
  79574 14077       27.0000   680       39.0000       12.0000  6305069   69.23%
  81107 15418       29.0000   813       39.0000       12.0000  6369831   69.23%
  82422 16524       34.0000   731       39.0000       12.0000  6454962   69.23%
  84015 18359       27.0000  1201       39.0000       12.0000  6576957   69.23%
  85705 19817       31.0000   940       39.0000       12.0000  6636309   69.23%
  87026 21274       38.0000   218       39.0000       12.0000  6737823   69.23%
  88276 22312       29.0000  1210       39.0000       12.0000  6826123   69.23%
  89524 23443       24.0000   847       39.0000       12.0000  6960896   69.23%
Elapsed time = 344.66 sec. (243631.76 ticks, tree = 140.77 MB, solutions = 3)
  91017 25410       26.0000  1452       39.0000       12.0000  7096642   69.23%
  92412 26300       23.0000  1563       39.0000       12.0000  7149707   69.23%
  93839 27874       30.0000  1633       39.0000       12.0000  7244908   69.23%
  95132 29038       21.0000  2112       39.0000       12.0000  7323361   69.23%
  96515 30347       30.0000  1086       39.0000       12.0000  7405742   69.23%
  97761 31620       34.0000   456       39.0000       12.0000  7498826   69.23%
  99097 33096       27.0000  1054       39.0000       12.0000  7642473   69.23%
 100542 34527       34.0000   513       39.0000       12.0000  7730453   69.23%
 101959 35580       25.0000   929       39.0000       12.0000  7794356   69.23%
 103103 36954       25.0000   820       39.0000       12.0000  7905311   69.23%
Elapsed time = 400.16 sec. (281797.19 ticks, tree = 216.83 MB, solutions = 3)
 104304 37981       28.0000   674       39.0000       12.0000  8007820   69.23%
 105422 38795       29.0000   605       39.0000       12.0000  8103233   69.23%
 106614 40436       28.0000   784       39.0000       12.0000  8271224   69.23%
 108091 41884       31.0000  1484       39.0000       12.0000  8368117   69.23%
 109374 42493       20.0000  2155       39.0000       12.0000  8421520   69.23%
 110654 44337       22.0000  1405       39.0000       12.0000  8548540   69.23%
 112009 45477       31.0000   979       39.0000       12.0000  8626187   69.23%
 113403 46522       31.0000  1115       39.0000       12.0000  8708859   69.23%
 114313 47884       22.0000  2139       39.0000       12.0000  8799982   69.23%
 115210 48623       26.0000  1194       39.0000       12.0000  8837218   69.23%
Elapsed time = 454.79 sec. (319982.43 ticks, tree = 283.29 MB, solutions = 3)
 116184 49247       30.0000  1278       39.0000       12.0000  8888357   69.23%
 117327 50823       22.0000  2390       39.0000       12.0000  9046035   69.23%
 118342 51605       35.0000   467       39.0000       12.0000  9131090   69.23%
 119521 52294       24.0000  1573       39.0000       12.0000  9259701   69.23%
 120986 53824       25.0000   905       39.0000       12.0000  9408823   69.23%
 122289 55924       27.0000   752       39.0000       12.0000  9519099   69.23%
 123640 56936       32.0000  1236       39.0000       12.0000  9620673   69.23%
 124920 57632       29.0000  1824       39.0000       12.0000  9669999   69.23%
 126135 59669       38.0000   689       39.0000       12.0000  9835452   69.23%
 127239 59874       33.0000  2160       39.0000       12.0000  9905941   69.23%
Elapsed time = 508.45 sec. (358166.58 ticks, tree = 347.02 MB, solutions = 3)
 128432 61548       33.0000  1157       39.0000       12.0000 10049064   69.23%
 129798 62775       32.0000  1290       39.0000       12.0000 10151953   69.23%
 131255 64097       27.0000  1645       39.0000       12.0000 10266491   69.23%
 132515 65154       34.0000  1153       39.0000       12.0000 10313920   69.23%
 133580 66434       30.0000   947       39.0000       12.0000 10455818   69.23%
 135046 67974       27.0000  1868       39.0000       12.0000 10618643   69.23%
 136400 69326       31.0000  1032       39.0000       12.0000 10685595   69.23%
 137558 70313       34.0000  1566       39.0000       12.0000 10785098   69.23%
 138681 71265       34.0000   944       39.0000       12.0000 10872998   69.23%
 139705 72181       33.0000  1731       39.0000       12.0000 11006842   69.23%
Elapsed time = 561.49 sec. (396348.26 ticks, tree = 421.71 MB, solutions = 3)
 141009 73071       34.0000   921       39.0000       12.0000 11111729   69.23%
 142617 75567       33.0000  1583       39.0000       12.0000 11290146   69.23%
 143485 76011       38.0000   979       39.0000       12.0000 11308925   69.23%
 143689 76435    infeasible             39.0000       12.0000 11388948   69.23%
 144198 77163       34.0000  1181       39.0000       12.0000 11428264   69.23%
 145435 77553       16.0000  2337       39.0000       12.0000 11478109   69.23%
 146611 79163       25.0000  2424       39.0000       12.0000 11614038   69.23%
 147926 80070       34.0000   660       39.0000       12.0000 11702466   69.23%
 149297 81345       29.0000  1352       39.0000       12.0000 11837849   69.23%
 150658 82791       38.0000   879       39.0000       12.0000 11909130   69.23%
Elapsed time = 615.89 sec. (434619.97 ticks, tree = 481.16 MB, solutions = 3)
 151750 84087       16.0000  2549       39.0000       12.0000 12022140   69.23%
 153153 85430       35.0000   611       39.0000       12.0000 12139775   69.23%
 154485 86333       36.0000  1078       39.0000       12.0000 12175732   69.23%
 155812 87725       31.0000  1214       39.0000       12.0000 12307551   69.23%
 156970 89433       33.0000  1111       39.0000       12.0000 12456291   69.23%
 158152 89999       30.0000  1532       39.0000       12.0000 12539796   69.23%
 159756 91318       33.0000  1298       39.0000       12.0000 12649883   69.23%
 161090 93293       34.0000  1033       39.0000       12.0000 12728466   69.23%
 162281 94080       25.0000  1315       39.0000       12.0000 12809614   69.23%
 163528 95926       30.0000  1046       39.0000       12.0000 13003941   69.23%
Elapsed time = 671.24 sec. (472788.89 ticks, tree = 558.69 MB, solutions = 3)
 164568 96699       26.0000  1091       39.0000       12.0000 13105767   69.23%
 165858 97752       28.0000  1300       39.0000       12.0000 13234547   69.23%
 167161 98374    infeasible             39.0000       12.0000 13311289   69.23%
 168498 99760       35.0000   741       39.0000       12.0000 13401251   69.23%
 169953 101547       32.0000   805       39.0000       12.0000 13522539   69.23%
 171218 102459       36.0000   725       39.0000       12.0000 13556428   69.23%
 172268 103722       36.0000  1174       39.0000       12.0000 13650404   69.23%
 173407 104799       26.0000  1711       39.0000       12.0000 13839277   69.23%
 174628 106461       32.0000   552       39.0000       12.0000 13989462   69.23%
 175940 107018       35.0000  1079       39.0000       12.0000 14051313   69.23%
Elapsed time = 726.72 sec. (510963.53 ticks, tree = 621.50 MB, solutions = 3)
 177080 108468       18.0000  2424       39.0000       12.0000 14143324   69.23%
 178198 109580       30.0000   954       39.0000       12.0000 14249192   69.23%
 179622 110466       32.0000  1201       39.0000       12.0000 14330538   69.23%
 180876 112393       17.0000  2582       39.0000       12.0000 14489784   69.23%
 182326 113303       13.8500  2834       39.0000       12.0000 14548496   69.23%
 183457 114894       32.0000   621       39.0000       12.0000 14638081   69.23%
 184614 116106       33.0000  1288       39.0000       12.0000 14770925   69.23%
 185758 117300       34.0000  1370       39.0000       12.0000 14923324   69.23%
 186968 117591       38.0000  1163       39.0000       12.0000 14965251   69.23%
 188149 118904       13.0000  3555       39.0000       12.0000 15105557   69.23%
Elapsed time = 782.17 sec. (549133.15 ticks, tree = 691.70 MB, solutions = 3)
 188942 120429       20.0000  2268       39.0000       12.0000 15249790   69.23%
 189860 121205       33.0000  1444       39.0000       12.0000 15417621   69.23%
 191052 121741       30.0000  1419       39.0000       12.0000 15515544   69.23%
 192372 122787       36.0000  1230       39.0000       12.0000 15640272   69.23%
 193070 123855       12.0000  4176       39.0000       12.0000 15735867   69.23%
 193632 124556       35.0000   638       39.0000       12.0000 15826360   69.23%
 194822 125477       38.0000   932       39.0000       12.0000 15923426   69.23%
 196214 126818       35.0000   985       39.0000       12.0000 16020204   69.23%
 197380 127372       38.0000   718       39.0000       12.0000 16089219   69.23%
 198363 129039       16.3500  2485       39.0000       12.0000 16275477   69.23%
Elapsed time = 835.24 sec. (587306.17 ticks, tree = 749.95 MB, solutions = 3)
 199317 129535       38.0000   999       39.0000       12.0000 16322792   69.23%
 200429 130818       38.0000  1051       39.0000       12.0000 16556059   69.23%
 201411 131849       38.0000   699       39.0000       12.0000 16671537   69.23%
 202421 132786       34.0000  1696       39.0000       12.0000 16855331   69.23%
 203672 133553       33.0000   769       39.0000       12.0000 16985192   69.23%
 204789 134593       23.0000  2302       39.0000       12.0000 17087761   69.23%
 205788 136012       38.0000   406       39.0000       12.0000 17255283   69.23%
 206561 137089       36.0000  1763       39.0000       12.0000 17397180   69.23%
 207506 137772       35.0000   916       39.0000       12.0000 17508394   69.23%
 208523 138568       35.0000   590       39.0000       12.0000 17605605   69.23%
Elapsed time = 890.40 sec. (625499.03 ticks, tree = 807.72 MB, solutions = 3)
 209471 139061       35.0000   960       39.0000       12.0000 17641996   69.23%

Cover cuts applied:  573
Implied bound cuts applied:  640
Flow cuts applied:  353
Mixed integer rounding cuts applied:  3325
Zero-half cuts applied:  602
Gomory fractional cuts applied:  249

Root node processing (before b&c):
  Real time             =    2.69 sec. (1834.39 ticks)
Parallel b&c, 8 threads:
  Real time             =  897.35 sec. (632240.40 ticks)
  Sync time (average)   =  103.20 sec.
  Wait time (average)   =    0.06 sec.
                          ------------
Total (root+branch&cut) =  900.04 sec. (634074.79 ticks)
Processando grafos:  13%|█▎        | 7/53 [1:19:20<9:39:31, 755.90s/grafo]solve: 900.07s
status: time limit exceeded
[OK] c-fat500-1_clean.mtx → c-fat500-1_clean.csv
[CLEANUP] c-fat500-1_clean.mtx removido da pasta de entrada.

Processando c-fat500-5_clean.mtx
greedy: 0.32s | k0=191 | ok=True
dist2: 0.05s
[INFO] MIP start adicionado via add_mip_start().
solving...
Version identifier: 22.1.1.0 | 2022-11-28 | 9160aff4d
CPXPARAM_Read_DataCheck                          1
CPXPARAM_Emphasis_MIP                            1
CPXPARAM_MIP_Strategy_HeuristicFreq              10
CPXPARAM_TimeLimit                               900
1 of 1 MIP starts provided solutions.
MIP start 'm1' defined initial solution with objective 191.0000.
Tried aggregator 1 time.
MIP Presolve eliminated 1 rows and 0 columns.
MIP Presolve modified 116451 coefficients.
Reduced MIP has 78134 rows, 39318 columns, and 233902 nonzeros.
Reduced MIP has 38817 binaries, 501 generals, 0 SOSs, and 0 indicators.
Presolve time = 0.07 sec. (115.01 ticks)
Probing fixed 0 vars, tightened 1 bounds.
Probing time = 0.07 sec. (16.95 ticks)
Tried aggregator 1 time.
Detecting symmetries...
Reduced MIP has 78134 rows, 39318 columns, and 233902 nonzeros.
Reduced MIP has 38817 binaries, 501 generals, 0 SOSs, and 0 indicators.
Presolve time = 0.10 sec. (135.99 ticks)
Probing time = 0.04 sec. (15.49 ticks)
MIP emphasis: integer feasibility.
MIP search method: dynamic search.
Parallel mode: deterministic, using up to 8 threads.
Root relaxation solution time = 0.10 sec. (182.74 ticks)

        Nodes                                         Cuts/
   Node  Left     Objective  IInf  Best Integer    Best Bound    ItCnt     Gap

*     0+    0                          191.0000        2.0000            98.95%
      0     0        2.0000 38817      191.0000        2.0000     4853   98.95%
      0     0       47.5000 36636      191.0000   Cuts: 10000     6625   75.13%
      0     0       48.0000 34272      191.0000      Cuts: 67     7254   74.87%
      0     0       48.0000 34272      191.0000     Cuts: 135     7437   74.87%
*     0+    0                          190.0000       48.0000            74.74%
      0     0  -1.00000e+75     0      190.0000       48.0000     7437   74.74%
Detecting symmetries...
      0     2       48.0000 34272      190.0000       48.0000     7437   74.74%
Elapsed time = 7.10 sec. (11352.17 ticks, tree = 0.02 MB, solutions = 2)
      2     3       48.0000 34183      190.0000       48.0000     7455   74.74%
      7     8       48.0000 33663      190.0000       48.0000     7951   74.74%
     23    16       48.0000 33430      190.0000       48.0000     9142   74.74%
     40    36       48.0000 33296      190.0000       48.0000    11901   74.74%
     57     6       48.0000 35746      190.0000       48.0000     9669   74.74%
     79    59       48.0000 33288      190.0000       48.0000    16880   74.74%
     97    83       48.0000 32969      190.0000       48.0000    23823   74.74%
    117    97       48.0000 33753      190.0000       48.0000    28893   74.74%
    131   111       48.0000 32702      190.0000       48.0000    35732   74.74%
    184   166       48.0000 32178      190.0000       48.0000    51479   74.74%
Elapsed time = 12.87 sec. (14543.26 ticks, tree = 3.62 MB, solutions = 2)
    220   200       48.0000 31576      190.0000       48.0000    57572   74.74%
    284   267       49.0000 32192      190.0000       48.0000    73523   74.74%
    366   320       48.0000 31113      190.0000       48.0000    98521   74.74%
    448   389       48.0000 30387      190.0000       48.0000   118951   74.74%
    518   449       48.0000 29874      190.0000       48.0000   131896   74.74%
    558   530       48.0000 29672      190.0000       48.0000   163968   74.74%
    636   567       48.0000 29660      190.0000       48.0000   173284   74.74%
    713   640       48.0000 30857      190.0000       48.0000   202042   74.74%
    798   710       48.0000 29593      190.0000       48.0000   245182   74.74%
    882   819       48.0000 29693      190.0000       48.0000   287170   74.74%
Elapsed time = 28.40 sec. (24173.66 ticks, tree = 28.74 MB, solutions = 2)
    948   875       48.0000 29533      190.0000       48.0000   302134   74.74%
   1015   932       52.0000 23876      190.0000       48.0000   335438   74.74%
   1086   983       56.0000 24871      190.0000       48.0000   371427   74.74%
   1164  1094       48.0000 28651      190.0000       48.0000   423080   74.74%
   1243  1175       52.0000 22701      190.0000       48.0000   453831   74.74%
   1310  1228       48.0000 27444      190.0000       48.0000   476116   74.74%
   1363  1240       54.0000 22718      190.0000       48.0000   487383   74.74%
   1424  1342       50.0000 26716      190.0000       48.0000   544204   74.74%
   1515  1373       59.0000 20752      190.0000       48.0000   550207   74.74%
   1588  1460       59.0000 20351      190.0000       48.0000   594074   74.74%
Elapsed time = 45.69 sec. (33814.52 ticks, tree = 41.47 MB, solutions = 2)
   1651  1542       50.0000 24846      190.0000       48.0000   619792   74.74%
   1685  1645       48.0225 28860      190.0000       48.0000   661842   74.74%
   1722  1689       59.0000 19618      190.0000       48.0000   684781   74.74%
   1753  1735       54.0000 22295      190.0000       48.0000   710152   74.74%
   1790  1715       53.0000 20910      190.0000       48.0000   701226   74.74%
   1819  1753       49.0000 25691      190.0000       48.0000   722696   74.74%
   1849  1816       53.0000 20055      190.0000       48.0000   745378   74.74%
   1877  1829       55.0000 20826      190.0000       48.0000   757476   74.74%
   1908  1871       55.0000 20559      190.0000       48.0000   798164   74.74%
   1945  1877       56.0000 20685      190.0000       48.0000   802130   74.74%
Elapsed time = 60.94 sec. (43577.59 ticks, tree = 51.50 MB, solutions = 2)
   1973  1926       60.0000 17944      190.0000       48.0000   827802   74.74%
   1997  1948       49.0000 25019      190.0000       48.0000   848418   74.74%
   2024  1965       60.0000 18035      190.0000       48.0000   855262   74.74%
   2057  2005       60.0000 18047      190.0000       48.0000   890791   74.74%
   2088  2033       53.0000 18927      190.0000       48.0000   909741   74.74%
   2118  2067       61.0000 17364      190.0000       48.0000   930731   74.74%
   2146  2114       61.0000 17253      190.0000       48.0000   961021   74.74%
   2183  2125       61.0000 17270      190.0000       48.0000   963475   74.74%
   2210  2142       49.0455 23325      190.0000       48.0000   987623   74.74%
   2245  2169       61.0000 16993      190.0000       48.0000   986006   74.74%
Elapsed time = 83.98 sec. (53357.12 ticks, tree = 57.88 MB, solutions = 2)
   2276  2244       49.2391 21492      190.0000       48.0000  1030766   74.74%
   2316  2255       49.3043 20437      190.0000       48.0000  1032172   74.74%
   2345  2281       67.0000 15109      190.0000       48.0000  1050449   74.74%
   2373  2324       63.0000 15308      190.0000       48.0000  1061437   74.74%
   2396  2340       66.0000 15577      190.0000       48.0000  1072445   74.74%
   2416  2367       64.0000 14931      190.0000       48.0000  1093957   74.74%
   2442  2396       50.0000 18724      190.0000       48.0000  1113456   74.74%
   2467  2410       65.0000 15033      190.0000       48.0000  1128934   74.74%
   2496  2439       65.0000 14399      190.0000       48.0000  1146392   74.74%
   2525  2467       57.0000 15442      190.0000       48.0000  1184523   74.74%
Elapsed time = 105.63 sec. (63317.02 ticks, tree = 68.00 MB, solutions = 2)
   2561  2492       51.0000 17720      190.0000       48.0000  1201501   74.74%
   2584  2521       57.0000 15908      190.0000       48.0000  1226717   74.74%
   2612  2545       65.0000 13985      190.0000       48.0000  1226216   74.74%
   2636  2587       68.0000 13881      190.0000       48.0000  1264245   74.74%
   2664  2605       66.0000 14855      190.0000       48.0000  1275318   74.74%
   2700  2642       67.0000 13264      190.0000       48.0000  1305550   74.74%
   2728  2662       57.0000 15948      190.0000       48.0000  1328300   74.74%
   2759  2715       57.0000 15892      190.0000       48.0000  1354826   74.74%
   2785  2731       67.0000 12882      190.0000       48.0000  1378026   74.74%
   2814  2737       67.0000 12495      190.0000       48.0000  1383346   74.74%
Elapsed time = 125.01 sec. (73096.05 ticks, tree = 74.30 MB, solutions = 2)
   2840  2784       67.0000 12481      190.0000       48.0000  1415971   74.74%
   2865  2823       51.0000 16683      190.0000       48.0000  1444258   74.74%
   2887  2854       59.0000 14236      190.0000       48.0000  1465142   74.74%
   2917  2839       70.0000 11185      190.0000       48.0000  1455477   74.74%
   2941  2878       70.0000 11263      190.0000       48.0000  1482452   74.74%
   2971  2916       51.0000 15923      190.0000       48.0000  1510323   74.74%
   3005  2943       69.0000 13821      190.0000       48.0000  1522223   74.74%
   3035  2938       70.0000 11195      190.0000       48.0000  1518909   74.74%
   3062  3007       51.0000 15896      190.0000       48.0000  1571051   74.74%
   3088  2999       66.0000 14111      190.0000       48.0000  1562585   74.74%
Elapsed time = 148.00 sec. (82984.45 ticks, tree = 80.41 MB, solutions = 2)
   3108  3041       70.0000 11202      190.0000       48.0000  1588110   74.74%
   3134  3074       70.0000 11091      190.0000       48.0000  1624378   74.74%
   3154  3102       61.0000 13301      190.0000       48.0000  1646999   74.74%
   3179  3117       66.0000 13089      190.0000       48.0000  1660065   74.74%
   3207  3140       66.0000 13007      190.0000       48.0000  1690408   74.74%
   3221  3164       74.0000 10483      190.0000       48.0000  1709785   74.74%
   3247  3201       61.0000 13009      190.0000       48.0000  1737218   74.74%
   3268  3212       73.0000 10488      190.0000       48.0000  1743313   74.74%
   3286  3227       51.0000 15899      190.0000       48.0000  1772913   74.74%
   3307  3253       73.0000 10301      190.0000       48.0000  1785541   74.74%
Elapsed time = 165.40 sec. (92958.19 ticks, tree = 85.79 MB, solutions = 2)
   3327  3274       61.0000 12944      190.0000       48.0000  1804854   74.74%
   3342  3281       61.0000 12943      190.0000       48.0000  1809788   74.74%
   3364  3301       48.0000 32079      190.0000       48.0000  1813671   74.74%
   3392  3313       48.0000 31948      190.0000       48.0000  1824632   74.74%
   3423  3332       48.0000 31552      190.0000       48.0000  1837068   74.74%
   3453  3355       61.0000 12664      190.0000       48.0000  1875091   74.74%
   3483  3413       61.0000 12495      190.0000       48.0000  1916636   74.74%
   3527  3435       48.0000 30330      190.0000       48.0000  1926139   74.74%
   3562  3456       68.0000 12166      190.0000       48.0000  1941522   74.74%
   3695  3622       63.0000 11219      190.0000       48.0000  2040459   74.74%
Elapsed time = 191.08 sec. (105817.42 ticks, tree = 93.75 MB, solutions = 2)
   3803  3733       68.0000 12461      190.0000       48.0000  2111218   74.74%
   3952  3830       49.0000 29234      190.0000       48.0000  2177016   74.74%

Performing restart 1

Repeating presolve.
Tried aggregator 1 time.
MIP Presolve modified 116451 coefficients.
Reduced MIP has 78134 rows, 39318 columns, and 233902 nonzeros.
Reduced MIP has 38817 binaries, 501 generals, 0 SOSs, and 0 indicators.
Presolve time = 0.09 sec. (110.78 ticks)
Tried aggregator 1 time.
Reduced MIP has 78134 rows, 39318 columns, and 233902 nonzeros.
Reduced MIP has 38817 binaries, 501 generals, 0 SOSs, and 0 indicators.
Presolve time = 0.12 sec. (140.31 ticks)
Represolve time = 0.49 sec. (452.56 ticks)
   3954     0       48.0000 29474      190.0000   Cuts: 10000  2299078   74.74%
   3954     0       48.2443 35223      190.0000   Cuts: 10000  2313326   74.61%
   3954     0       49.0000 34550      190.0000    Cuts: 6157  2326334   74.21%
   3954     2       49.0000 25924      190.0000       49.0000  2326334   74.21%
   3957     5       49.0000 26735      190.0000       49.0000  2330966   74.21%
   3964     9       49.0000 26230      190.0000       49.0000  2332834   74.21%
   3999    24       49.0000 26305      190.0000       49.0000  2360009   74.21%
   4022    25       49.0000 26800      190.0000       49.0000  2370607   74.21%
   4046    85       49.0000 25495      190.0000       49.0000  2427196   74.21%
   4066   104       49.0000 25624      190.0000       49.0000  2449495   74.21%
   4113   116       49.0000 24478      190.0000       49.0000  2459914   74.21%
Elapsed time = 392.32 sec. (274135.27 ticks, tree = 13.54 MB, solutions = 2)
   4141   167       49.0000 26435      190.0000       49.0000  2509158   74.21%
   4187   219       49.0000 24488      190.0000       49.0000  2566290   74.21%
   4212   240       49.0000 27878      190.0000       49.0000  2619444   74.21%
   4263   256       49.0000 27225      190.0000       49.0000  2622391   74.21%
   4336   312       49.0000 22188      190.0000       49.0000  2666165   74.21%
   4386   365       49.0000 25002      190.0000       49.0000  2695586   74.21%
   4450   425       49.0000 22800      190.0000       49.0000  2720926   74.21%
   4566   474       51.0000 19807      190.0000       49.0000  2734438   74.21%
   4653   611       51.0000 18146      190.0000       49.0000  2838038   74.21%
   4735   634       51.0000 17932      190.0000       49.0000  2851507   74.21%
Elapsed time = 487.50 sec. (313342.44 ticks, tree = 130.62 MB, solutions = 2)
   4834   761       49.0000 19384      190.0000       49.0000  3009788   74.21%
   4905   810       52.0000 15631      190.0000       49.0000  3073413   74.21%
   5035   985       52.0000 22188      190.0000       49.0000  3261536   74.21%
   5184  1133       56.0000 10402      190.0000       49.0000  3347914   74.21%
   5298  1174       52.0000 14306      190.0000       49.0000  3402110   74.21%
   5358  1264       52.0000 18197      190.0000       49.0000  3457084   74.21%
   5437  1294       53.0000 16799      190.0000       49.0000  3505910   74.21%
   5488  1377       52.0000 16149      190.0000       49.0000  3562354   74.21%
   5509  1387       50.0000 23625      190.0000       49.0000  3628553   74.21%
   5532  1419       49.0000 24777      190.0000       49.0000  3686059   74.21%
Elapsed time = 578.56 sec. (352076.32 ticks, tree = 153.61 MB, solutions = 2)
   5549  1433       49.0000 22803      190.0000       49.0000  3699974   74.21%
   5553  1454       50.0000 22434      190.0000       49.0000  3763105   74.21%
   5554  1092       51.0000 15497      190.0000       49.0000  3323419   74.21%
   5594  1508       52.0000 19794      190.0000       49.0000  3774939   74.21%
   5652  1538       58.0105  8744      190.0000       49.0000  3805251   74.21%
   5695  1551       60.0000  8263      190.0000       49.0000  3831712   74.21%
   5758  1703       52.0000 15855      190.0000       49.0000  3945161   74.21%
   5849  1676       55.0000 10426      190.0000       49.0000  3945899   74.21%
   5948  1838       51.0000 14219      190.0000       49.0000  4061206   74.21%
   6024  1920       52.0000 16525      190.0000       49.0000  4184870   74.21%
Elapsed time = 704.84 sec. (411683.42 ticks, tree = 164.86 MB, solutions = 2)
   6089  1858       52.0000 13667      190.0000       49.0000  4093744   74.21%
   6200  2039       52.0000 13336      190.0000       49.0000  4311617   74.21%
   6292  2174       62.0000  6896      190.0000       49.0000  4501675   74.21%
   6373  2161       55.0000 11875      190.0000       49.0000  4484631   74.21%
   6442  2374       62.0000  6721      190.0000       49.0000  4780598   74.21%
   6507  2359       55.0000 11246      190.0000       49.0000  4753597   74.21%
   6567  2496       55.0000 11036      190.0000       49.0000  5007400   74.21%
   6629  2555       55.0000  9212      190.0000       49.0000  5149179   74.21%
   6692  2631       55.0000 10768      190.0000       49.0000  5254957   74.21%
   6752  2724       52.0000 15631      190.0000       49.0000  5427743   74.21%
Elapsed time = 793.68 sec. (450216.70 ticks, tree = 177.95 MB, solutions = 2)
   6816  2777       52.0000 14258      190.0000       49.0000  5512291   74.21%
   6872  2792       52.0000 14023      190.0000       49.0000  5527084   74.21%
   6957  2893       55.0000  8628      190.0000       49.0000  5777556   74.21%
   7012  2830       62.0000  6500      190.0000       49.0000  5661483   74.21%
   7044  3032       58.0000  8938      190.0000       49.0000  6004344   74.21%
   7066  3035       58.0000  9008      190.0000       49.0000  6018704   74.21%
   7102  3126       54.0000 14881      190.0000       49.0000  6276432   74.21%
   7173  3144       54.0000 13324      190.0000       49.0000  6350947   74.21%
   7255  3176       57.0000  8493      190.0000       49.0000  6393883   74.21%
   7351  3202       66.0000  5836      190.0000       49.0000  6427710   74.21%
Elapsed time = 892.25 sec. (489441.85 ticks, tree = 194.30 MB, solutions = 2)
   7417  3261       54.0000 12998      190.0000       49.0000  6527388   74.21%
   7423  1455       50.0000 22203      190.0000       49.0000  3763810   74.21%

Cover cuts applied:  80
Implied bound cuts applied:  12
Flow cuts applied:  210
Mixed integer rounding cuts applied:  10106
Zero-half cuts applied:  8
Gomory fractional cuts applied:  4

Root node processing (before b&c):
  Real time             =    6.91 sec. (11044.52 ticks)
Parallel b&c, 8 threads:
  Real time             =  893.22 sec. (487767.27 ticks)
  Sync time (average)   =  116.99 sec.
  Wait time (average)   =    0.08 sec.
                          ------------
Total (root+branch&cut) =  900.13 sec. (498811.79 ticks)
Processando grafos:  15%|█▌        | 8/53 [1:34:26<10:00:50, 801.13s/grafo]solve: 900.29s
status: time limit exceeded
[OK] c-fat500-5_clean.mtx → c-fat500-5_clean.csv
[CLEANUP] c-fat500-5_clean.mtx removido da pasta de entrada.

Processando can_144_clean.mtx
greedy: 0.00s | k0=19 | ok=True
dist2: 0.00s
[INFO] MIP start adicionado via add_mip_start().
solving...
Version identifier: 22.1.1.0 | 2022-11-28 | 9160aff4d
CPXPARAM_Read_DataCheck                          1
CPXPARAM_Emphasis_MIP                            1
CPXPARAM_MIP_Strategy_HeuristicFreq              10
CPXPARAM_TimeLimit                               900
1 of 1 MIP starts provided solutions.
MIP start 'm1' defined initial solution with objective 19.0000.
Tried aggregator 1 time.
MIP Presolve eliminated 1 rows and 0 columns.
MIP Presolve modified 4968 coefficients.
Reduced MIP has 3456 rows, 1801 columns, and 10224 nonzeros.
Reduced MIP has 1656 binaries, 145 generals, 0 SOSs, and 0 indicators.
Presolve time = 0.00 sec. (5.21 ticks)
Probing fixed 0 vars, tightened 1 bounds.
Probing time = 0.00 sec. (2.05 ticks)
Tried aggregator 1 time.
Detecting symmetries...
Reduced MIP has 3456 rows, 1801 columns, and 10224 nonzeros.
Reduced MIP has 1656 binaries, 145 generals, 0 SOSs, and 0 indicators.
Presolve time = 0.00 sec. (6.12 ticks)
Probing time = 0.00 sec. (1.93 ticks)
MIP emphasis: integer feasibility.
MIP search method: dynamic search.
Parallel mode: deterministic, using up to 8 threads.
Root relaxation solution time = 0.00 sec. (12.39 ticks)

        Nodes                                         Cuts/
   Node  Left     Objective  IInf  Best Integer    Best Bound    ItCnt     Gap

*     0+    0                           19.0000        2.0000            89.47%
      0     0        2.0000  1503       19.0000        2.0000     1615   89.47%
      0     0        7.0000  1656       19.0000     Cuts: 932     2332   63.16%
      0     0        7.1827  1624       19.0000     Cuts: 820     2868   62.20%
      0     0        7.1902  1628       19.0000     Cuts: 582     3209   62.16%
Detecting symmetries...
      0     2        7.1902  1628       19.0000        7.1902     3209   62.16%
Elapsed time = 0.26 sec. (267.02 ticks, tree = 0.02 MB, solutions = 1)
    403   353       11.0000   536       19.0000        7.7291    22876   59.32%
    986   889       11.0000   433       19.0000        7.7291    42059   59.32%
   1452  1333       10.0000   798       19.0000        7.7291    58213   59.32%

Performing restart 1

Repeating presolve.
Tried aggregator 1 time.
MIP Presolve modified 4968 coefficients.
Reduced MIP has 3456 rows, 1801 columns, and 10224 nonzeros.
Reduced MIP has 1656 binaries, 145 generals, 0 SOSs, and 0 indicators.
Presolve time = 0.01 sec. (5.02 ticks)
Tried aggregator 1 time.
Reduced MIP has 3456 rows, 1801 columns, and 10224 nonzeros.
Reduced MIP has 1656 binaries, 145 generals, 0 SOSs, and 0 indicators.
Presolve time = 0.03 sec. (6.30 ticks)
Represolve time = 0.12 sec. (17.01 ticks)
   1732     0        8.0000  1598       19.0000     Cuts: 964    79102   57.89%
   1732     0        8.0000  1620       19.0000     Cuts: 964    79970   57.89%
   1732     0        8.0000  1533       19.0000     Cuts: 964    80900   57.89%
   1732     2        8.0000  1324       19.0000        8.0000    80900   57.89%
   1840   101       11.0000   460       19.0000        8.0000    85597   57.89%
   1983   224       10.0000   635       19.0000        8.0000   100725   57.89%
   2160   349       10.0000   498       19.0000        8.0000   109385   57.89%
   2430   546       11.0000   357       19.0000        8.0000   122480   57.89%
   2725   855       10.0000   485       19.0000        8.0000   143971   57.89%
   4061  2140       10.0000   458       19.0000        8.0000   237749   57.89%
Elapsed time = 8.08 sec. (6179.10 ticks, tree = 5.82 MB, solutions = 1)
   5158  3134        9.0000   906       19.0000        8.0000   310300   57.89%
   6502  4349       15.0000    81       19.0000        8.0000   380703   57.89%
   7802  5479       12.0000   642       19.0000        8.0000   459906   57.89%
   8772  6259        9.0000   959       19.0000        8.0000   530899   57.89%
   9823  7366       18.0000    93       19.0000        8.0000   604575   57.89%
  11048  8430       18.0000   104       19.0000        8.0000   676817   57.89%
  12507  9514       14.0000   147       19.0000        8.0000   740158   57.89%
  13464 10433       12.0000   482       19.0000        8.0000   809373   57.89%
  14815 11395       18.0000    78       19.0000        8.0000   868102   57.89%
  15890 12393       15.0000   297       19.0000        8.0000   942822   57.89%
Elapsed time = 21.07 sec. (15722.30 ticks, tree = 20.58 MB, solutions = 1)
  16950 13464        9.1268   900       19.0000        8.0000  1038416   57.89%
  18003 14204       18.0000   152       19.0000        8.0000  1097762   57.89%
  19424 14982       17.0000   402       19.0000        8.0000  1166718   57.89%
  20807 16651       12.5000   432       19.0000        8.0000  1266489   57.89%
  22053 17629       16.0000   162       19.0000        8.0000  1330364   57.89%
  23039 18329       17.0000   233       19.0000        8.0000  1385884   57.89%
  24367 19463       16.0000   188       19.0000        8.0000  1455996   57.89%
  25658 20821       17.0000   209       19.0000        8.0000  1549966   57.89%
  26793 21661       18.0000   100       19.0000        8.0000  1616071   57.89%
  27850 22364       14.0278   436       19.0000        8.0000  1690287   57.89%
Elapsed time = 33.16 sec. (25267.58 ticks, tree = 35.05 MB, solutions = 1)
  29261 23978       17.0000   172       19.0000        8.0000  1774537   57.89%
  30651 24904       18.0000    72       19.0000        8.0000  1835379   57.89%
  31858 25756       18.0000   187       19.0000        8.0000  1880114   57.89%
  33069 26932       18.0000   119       19.0000        8.0000  1957673   57.89%
  34266 27774       15.0000   165       19.0000        8.0000  2019706   57.89%
  34904 29043       18.0000   442       19.0000        8.0000  2111005   57.89%
  35661 29588       10.0020   752       19.0000        8.0000  2153127   57.89%
  37018 30275       18.0000    50       19.0000        8.0000  2211025   57.89%
  37948 31466       17.0000   390       19.0000        8.0000  2296729   57.89%
  39252 31833       14.0000   197       19.0000        8.0000  2321067   57.89%
Elapsed time = 45.23 sec. (34810.65 ticks, tree = 48.17 MB, solutions = 1)
  40852 33393       17.0000   113       19.0000        8.0000  2404191   57.89%
  41982 34055       15.0000   447       19.0000        8.0000  2462634   57.89%
  43140 35277       15.0000   166       19.0000        8.0000  2564063   57.89%
  43960 36160       11.0476   496       19.0000        8.0000  2641487   57.89%
  45245 37342       17.0000    81       19.0000        8.0000  2743999   57.89%
  46372 38352       13.0000   463       19.0000        8.0000  2829699   57.89%
  47549 39031       18.0000    46       19.0000        8.0000  2884774   57.89%
  48534 40031        9.3358   801       19.0000        8.0000  2995707   57.89%
  49367 40574       17.0000   195       19.0000        8.0000  3048759   57.89%
  50911 41204       15.0714   427       19.0000        8.0000  3107740   57.89%
Elapsed time = 56.79 sec. (44361.27 ticks, tree = 62.48 MB, solutions = 1)
  52275 43075       17.0000   173       19.0000        8.0000  3216293   57.89%
  53747 44066       18.0000   205       19.0000        8.0000  3281459   57.89%
  55206 44794       10.2951   697       19.0000        8.0000  3330669   57.89%
  56069 45947       13.0000   343       19.0000        8.0000  3432826   57.89%
  57275 46927       18.0000    60       19.0000        8.0000  3509545   57.89%
  58809 48395       17.0000   149       19.0000        8.0000  3590629   57.89%
  60311 49787       17.0000   307       19.0000        8.0000  3681602   57.89%
  61509 50686       12.0000   511       19.0000        8.0000  3744313   57.89%
  63165 51244       10.8305   607       19.0000        8.0000  3780946   57.89%
  64731 52669       18.0000   179       19.0000        8.0000  3857172   57.89%
Elapsed time = 67.87 sec. (53906.24 ticks, tree = 78.66 MB, solutions = 1)
  65747 54605       18.0000   107       19.0000        8.0000  3969998   57.89%

Performing restart 2

Repeating presolve.
Tried aggregator 1 time.
Reduced MIP has 3456 rows, 1801 columns, and 10224 nonzeros.
Reduced MIP has 1656 binaries, 145 generals, 0 SOSs, and 0 indicators.
Presolve time = 0.00 sec. (4.61 ticks)
Tried aggregator 1 time.
Reduced MIP has 3456 rows, 1801 columns, and 10224 nonzeros.
Reduced MIP has 1656 binaries, 145 generals, 0 SOSs, and 0 indicators.
Presolve time = 0.01 sec. (6.30 ticks)
Represolve time = 0.05 sec. (22.86 ticks)
  66179     0        9.0000  1391       19.0000     Cuts: 964  4032272   52.63%
  66179     0        9.0000  1338       19.0000     Cuts: 964  4032881   52.63%
  66179     0        9.0000  1391       19.0000     Cuts: 964  4033422   52.63%
  66179     2        9.0000   784       19.0000        9.0000  4033422   52.63%
  66640   433       10.4142   408       19.0000        9.0000  4062249   52.63%
  67142   857       14.0000   309       19.0000        9.0000  4093445   52.63%
  67998  1618       14.0000   204       19.0000        9.0000  4140599   52.63%
  69304  2807        9.2779   848       19.0000        9.0000  4197587   52.63%
  70569  3929       17.0000   141       19.0000        9.0000  4273140   52.63%
  72168  5570       18.0000   195       19.0000        9.0000  4340838   52.63%
  73556  6772       17.0000   138       19.0000        9.0000  4397870   52.63%
  75106  8274       15.0000   178       19.0000        9.0000  4467665   52.63%
Elapsed time = 83.81 sec. (67731.68 ticks, tree = 12.68 MB, solutions = 1)
  76572  9807       17.0000   146       19.0000        9.0000  4531766   52.63%
  77887 11045       16.0000   109       19.0000        9.0000  4597890   52.63%
  79182 11889       16.0000   344       19.0000        9.0000  4656063   52.63%
  80471 13137       14.0000   232       19.0000        9.0000  4721650   52.63%
  81815 14296       17.0000   206       19.0000        9.0000  4790209   52.63%
  83306 16029       16.0000   292       19.0000        9.0000  4865630   52.63%
  84898 17368       16.0000   151       19.0000        9.0000  4922905   52.63%
  86343 18838       15.0000   462       19.0000        9.0000  4985305   52.63%
  87819 19995       16.0000   400       19.0000        9.0000  5027492   52.63%
  89319 21245       18.0000    88       19.0000        9.0000  5090418   52.63%
Elapsed time = 94.91 sec. (77274.36 ticks, tree = 33.40 MB, solutions = 1)
  90649 22379       13.0000   448       19.0000        9.0000  5139826   52.63%
  92155 23860       15.0000   401       19.0000        9.0000  5206071   52.63%
  93482 25604       17.0000   173       19.0000        9.0000  5279288   52.63%
  94698 26842       18.0000    78       19.0000        9.0000  5331059   52.63%
  95931 27898       18.0000   148       19.0000        9.0000  5376560   52.63%
  96840 28951       18.0000   301       19.0000        9.0000  5418776   52.63%
  97095 29107       16.0000   137       19.0000        9.0000  5423336   52.63%
  97916 29689       16.0000   110       19.0000        9.0000  5448327   52.63%
  99131 30775       12.0526   470       19.0000        9.0000  5498803   52.63%
 100541 31518       17.0000   112       19.0000        9.0000  5522455   52.63%
Elapsed time = 105.85 sec. (86821.07 ticks, tree = 47.91 MB, solutions = 1)
 101949 33163       17.0000   115       19.0000        9.0000  5591996   52.63%
 103193 34196       15.0000   389       19.0000        9.0000  5634188   52.63%
 104609 36035       17.0000   109       19.0000        9.0000  5708528   52.63%
 105891 37358       14.0000   409       19.0000        9.0000  5771158   52.63%
 107296 37934       18.0000   135       19.0000        9.0000  5795283   52.63%
 108769 39288       15.0000   393       19.0000        9.0000  5852334   52.63%
 110091 40432       17.0000    71       19.0000        9.0000  5901172   52.63%
 111337 42261       18.0000    93       19.0000        9.0000  5982418   52.63%
 112707 43152       13.0000   424       19.0000        9.0000  6028907   52.63%
 118325 48779       18.0000   201       19.0000        9.0000  6277505   52.63%
Elapsed time = 120.11 sec. (99223.72 ticks, tree = 81.39 MB, solutions = 1)
 123992 54308       14.0000   387       19.0000        9.0000  6490854   52.63%
 129813 59370       15.0000   460       19.0000        9.0000  6675439   52.63%
 135683 64953       17.0000    80       19.0000        9.0000  6872402   52.63%
 141368 70671       18.0000   265       19.0000        9.0000  7073024   52.63%
 145955 74880       16.0000   244       19.0000        9.0000  7219187   52.63%
 151679 79991       18.0000   110       19.0000        9.0000  7409071   52.63%
 157588 85747       18.0000    69       19.0000        9.0000  7610726   52.63%
 163676 91856       18.0000   107       19.0000        9.0000  7817810   52.63%
 169672 97371       17.0000   368       19.0000        9.0000  8005998   52.63%
 175652 102565       17.0000   353       19.0000        9.0000  8183198   52.63%
Elapsed time = 162.71 sec. (137375.99 ticks, tree = 161.89 MB, solutions = 1)
 181213 108588       18.0000   171       19.0000        9.0000  8375021   52.63%
 186090 112071       16.0000   208       19.0000        9.0000  8504528   52.63%
 192053 118667       18.0000   327       19.0000        9.0000  8737317   52.63%
 198170 124493       17.0000   114       19.0000        9.0000  8926388   52.63%
 204445 130042       18.0000   128       19.0000        9.0000  9105449   52.63%
 210451 135476       18.0000    64       19.0000        9.0000  9286862   52.63%
 216609 140799       16.0000   400       19.0000        9.0000  9469885   52.63%
 220480 144638       18.0000    56       19.0000        9.0000  9597016   52.63%
 226840 151213       17.0000   207       19.0000        9.0000  9796521   52.63%
 233253 157264       18.0000   111       19.0000        9.0000  9972851   52.63%
Elapsed time = 204.49 sec. (175530.25 ticks, tree = 244.45 MB, solutions = 1)
 239331 162966       18.0000   138       19.0000        9.0000 10175054   52.63%
 245871 168366       18.0000    54       19.0000        9.0000 10334854   52.63%
 252236 174256       16.0000   173       19.0000        9.0000 10513024   52.63%
 258714 180354       17.0000   131       19.0000        9.0000 10685321   52.63%
 264312 186323       18.0000   249       19.0000        9.0000 10868247   52.63%
 269146 190963       17.0000   107       19.0000        9.0000 11005560   52.63%
 275426 196624       18.0000   120       19.0000        9.0000 11177974   52.63%
 281808 202368       18.0000   127       19.0000        9.0000 11366169   52.63%
 288024 208623       18.0000    45       19.0000        9.0000 11557769   52.63%
 294247 214266       15.0000   457       19.0000        9.0000 11731228   52.63%
Elapsed time = 246.45 sec. (213686.67 ticks, tree = 331.33 MB, solutions = 1)
 300538 220250       18.0000   143       19.0000        9.0000 11929580   52.63%
 307386 226028       18.0000   191       19.0000        9.0000 12078114   52.63%
*308060+228179                           18.0000        9.0000            50.00%
 311970 106698       17.0000   200       18.0000        9.0000 12222923   50.00%
 318299 112395       14.0000   342       18.0000        9.0000 12412786   50.00%
 324659 117294       17.0000   317       18.0000        9.0000 12578313   50.00%
 331157 122852       17.0000   186       18.0000        9.0000 12767120   50.00%
 337585 129226       17.0000   232       18.0000        9.0000 12982284   50.00%
 342950 134415       17.0000   416       18.0000        9.0000 13153364   50.00%
 348610 139447       17.0000   153       18.0000        9.0000 13313230   50.00%
 355312 144633       17.0000   310       18.0000        9.0000 13477554   50.00%
Elapsed time = 288.76 sec. (251841.41 ticks, tree = 225.45 MB, solutions = 2)
 361846 150302       17.0000   337       18.0000        9.0000 13642484   50.00%
 368170 155716       17.0000   328       18.0000        9.0000 13817540   50.00%
 375022 161672       17.0000   216       18.0000        9.0000 13999212   50.00%
 381614 168067       17.0000   386       18.0000        9.0000 14194198   50.00%
 388182 174211       17.0000   393       18.0000        9.0000 14379863   50.00%
 393241 178045       17.0000   145       18.0000        9.0000 14492135   50.00%
 399842 184007       17.0000   255       18.0000        9.0000 14672224   50.00%
 406415 189884       17.0000   119       18.0000        9.0000 14851510   50.00%
 413191 195892       17.0000   337       18.0000        9.0000 15026120   50.00%
 419907 202465       17.0000   101       18.0000        9.0000 15220431   50.00%
Elapsed time = 330.70 sec. (289992.93 ticks, tree = 310.61 MB, solutions = 2)
 426487 207032       17.0000   315       18.0000        9.0000 15363052   50.00%
 431508 212004       16.0000   167       18.0000        9.0000 15503024   50.00%
 438000 217524       17.0000   171       18.0000        9.0000 15668580   50.00%
 444650 224389       17.0000   254       18.0000        9.0000 15877243   50.00%
 451445 228936       17.0000   437       18.0000        9.0000 16020888   50.00%
 458069 235488       17.0000   231       18.0000        9.0000 16214632   50.00%
 464476 241639       17.0000   145       18.0000        9.0000 16400355   50.00%
 471302 247260       17.0000   206       18.0000        9.0000 16566590   50.00%
 475926 250734       17.0000   310       18.0000        9.0000 16673056   50.00%
 482893 258669       17.0000   263       18.0000        9.0000 16893774   50.00%
Elapsed time = 371.83 sec. (328145.90 ticks, tree = 393.35 MB, solutions = 2)
 489621 264364       17.0000   211       18.0000        9.0000 17052705   50.00%
 496192 269901       17.0000   309       18.0000        9.0000 17202445   50.00%
 503290 276417       17.0000   167       18.0000        9.0000 17393401   50.00%
 509887 281644       17.0000   282       18.0000        9.0000 17550700   50.00%
 516616 287587       17.0000   414       18.0000        9.0000 17711911   50.00%
 521770 291361       17.0000   364       18.0000        9.0000 17831136   50.00%
 528584 297279       17.0000   106       18.0000        9.0000 17999442   50.00%
 535611 304238       17.0000   393       18.0000        9.0000 18180762   50.00%
 542380 309897       17.0000   177       18.0000        9.0000 18331022   50.00%
 548953 316556       17.0000   143       18.0000        9.0000 18516553   50.00%
Elapsed time = 412.25 sec. (366299.05 ticks, tree = 481.96 MB, solutions = 2)
 556380 323885       17.0000   310       18.0000        9.0000 18710338   50.00%
 560900 327481       15.0000   395       18.0000        9.0000 18800376   50.00%
 568035 333635       16.0000   256       18.0000        9.0000 18967355   50.00%
 574787 340790       17.0000   329       18.0000        9.0000 19159098   50.00%
 581484 346836       17.0000   347       18.0000        9.0000 19329704   50.00%
 588689 352646       17.0000   191       18.0000        9.0000 19484799   50.00%
 595376 357456       17.0000   298       18.0000        9.0000 19608131   50.00%
 602583 364311       17.0000   264       18.0000        9.0000 19794625   50.00%
 609077 371556       17.0000   257       18.0000        9.0000 19979580   50.00%
 614318 375786       17.0000   351       18.0000        9.0000 20088777   50.00%
Elapsed time = 452.82 sec. (404450.79 ticks, tree = 573.54 MB, solutions = 2)
 621045 380502       17.0000   183       18.0000        9.0000 20220190   50.00%
 628196 387587       17.0000   236       18.0000        9.0000 20408040   50.00%
 635023 393160       17.0000   386       18.0000        9.0000 20561013   50.00%
 642055 399801       17.0000   245       18.0000        9.0000 20743752   50.00%
 649050 406126       17.0000   255       18.0000        9.0000 20901136   50.00%
 656066 412810       17.0000   334       18.0000        9.0000 21067306   50.00%
 660927 418016       17.0000   156       18.0000        9.0000 21196195   50.00%
 667889 423706       17.0000   304       18.0000        9.0000 21350591   50.00%
 675068 430199       17.0000   122       18.0000        9.0000 21518946   50.00%
 681752 434706       16.0000   145       18.0000        9.0000 21637645   50.00%
Elapsed time = 493.16 sec. (442603.69 ticks, tree = 665.27 MB, solutions = 2)
 689017 441693       17.0000   253       18.0000        9.0000 21810523   50.00%
 695763 448274       17.0000    85       18.0000        9.0000 21983937   50.00%
 703077 454200       17.0000   248       18.0000        9.0000 22134665   50.00%
 709662 460098       17.0000   293       18.0000        9.0000 22281815   50.00%
 714755 465445       17.0000    88       18.0000        9.0000 22424610   50.00%
 721352 471021       17.0000   129       18.0000        9.0000 22567556   50.00%
 728841 477955       17.0000   277       18.0000        9.0000 22744831   50.00%
 735455 484762       15.0000   240       18.0000        9.0000 22914913   50.00%
 742537 488882       17.0000   299       18.0000        9.0000 23027448   50.00%
 749252 496414    infeasible             18.0000        9.0000 23222006   50.00%
Elapsed time = 533.50 sec. (480755.85 ticks, tree = 762.42 MB, solutions = 2)
 756522 502632        cutoff             18.0000        9.0000 23390185   50.00%
 761409 508363       17.0000   106       18.0000        9.0000 23539240   50.00%
 767921 512772       17.0000   199       18.0000        9.0000 23651701   50.00%
 774657 518996       17.0000   317       18.0000        9.0000 23815054   50.00%
 781860 525976       17.0000   268       18.0000        9.0000 23992507   50.00%
 788831 530512       17.0000   101       18.0000        9.0000 24111445   50.00%
 795950 536291       17.0000   154       18.0000        9.0000 24262349   50.00%
 803354 545773       16.0000   156       18.0000        9.0000 24497242   50.00%
 810349 551756       17.0000   355       18.0000        9.0000 24653900   50.00%
 817221 557824       17.0000   106       18.0000        9.0000 24815752   50.00%
Elapsed time = 574.05 sec. (518908.26 ticks, tree = 853.84 MB, solutions = 2)
 822298 562875       17.0000   380       18.0000        9.0000 24950682   50.00%
 828986 568794       17.0000   117       18.0000        9.0000 25108670   50.00%
 835962 571941       17.0000   293       18.0000        9.0000 25193837   50.00%
 843150 581187       17.0000   220       18.0000        9.0000 25432515   50.00%
 850052 585033       17.0000   334       18.0000        9.0000 25536259   50.00%
 857364 594444       17.0000   146       18.0000        9.0000 25767242   50.00%
 864107 599174       17.0000    51       18.0000        9.0000 25892264   50.00%
 871525 604236       17.0000   266       18.0000        9.0000 26022234   50.00%
 877110 611752       17.0000   309       18.0000        9.0000 26213197   50.00%
 883154 616916       17.0000   357       18.0000        9.0000 26344773   50.00%
Elapsed time = 616.12 sec. (557061.29 ticks, tree = 950.47 MB, solutions = 2)
 890225 621433       17.0000   266       18.0000        9.0000 26460874   50.00%
 897097 628037       17.0000    58       18.0000        9.0000 26629891   50.00%
 904323 634191       17.0000   245       18.0000        9.0000 26793524   50.00%
 911156 640066       16.0000   292       18.0000        9.0000 26946367   50.00%
 918521 646731       17.0000   169       18.0000        9.0000 27120664   50.00%
 925216 654123       17.0000   266       18.0000        9.0000 27316778   50.00%
 931358 660506       17.0000    80       18.0000        9.0000 27482858   50.00%
 937108 662563       15.0000   362       18.0000        9.0000 27532410   50.00%
 944016 669375       17.0000   272       18.0000        9.0000 27707729   50.00%
 951118 677234       17.0000   234       18.0000        9.0000 27910941   50.00%
Elapsed time = 657.52 sec. (595215.99 ticks, tree = 1041.21 MB, solutions = 2)
 958331 683555       17.0000   239       18.0000        9.0000 28074367   50.00%
 964975 689347       17.0000   304       18.0000        9.0000 28230989   50.00%
 972453 694880       17.0000   225       18.0000        9.0000 28372469   50.00%
 979088 702704       17.0000   181       18.0000        9.0000 28574234   50.00%
 986331 709588       17.0000   220       18.0000        9.0000 28758334   50.00%
 991283 714015       17.0000   319       18.0000        9.0000 28872643   50.00%
 997721 717796       17.0000   361       18.0000        9.0000 28970220   50.00%
 1004899 723631    infeasible             18.0000        9.0000 29124050   50.00%
 1011677 730943       17.0000   121       18.0000        9.0000 29312074   50.00%
 1019127 736282       17.0000   157       18.0000        9.0000 29450004   50.00%
Elapsed time = 699.32 sec. (633367.70 ticks, tree = 1137.53 MB, solutions = 2)
 1025883 742824    infeasible             18.0000        9.0000 29612444   50.00%
 1033226 750347    infeasible             18.0000        9.0000 29817190   50.00%
 1040167 756728       17.0000   266       18.0000        9.0000 29974045   50.00%
 1047398 760343    infeasible             18.0000        9.0000 30063261   50.00%
 1054842 768317       17.0000   224       18.0000        9.0000 30261143   50.00%
 1058823 772553       17.0000   250       18.0000        9.0000 30367485   50.00%
 1066079 777451       17.0000   226       18.0000        9.0000 30490177   50.00%
 1073492 786167       17.0000   145       18.0000        9.0000 30706896   50.00%
 1080107 790196       17.0000   351       18.0000        9.0000 30812141   50.00%
 1087616 796250       17.0000   237       18.0000        9.0000 30968854   50.00%
Elapsed time = 739.36 sec. (671519.37 ticks, tree = 1227.79 MB, solutions = 2)
 1094977 803656       17.0000   339       18.0000        9.0000 31152763   50.00%
 1101829 810799       17.0000   290       18.0000        9.0000 31333663   50.00%
 1109378 817486       17.0000   199       18.0000        9.0000 31507001   50.00%
 1116148 823256       17.0000   339       18.0000        9.0000 31644413   50.00%
 1122453 830062       17.0000   150       18.0000        9.0000 31804659   50.00%
 1128054 832932       17.0000   211       18.0000        9.0000 31877253   50.00%
 1134877 840330        cutoff             18.0000        9.0000 32060705   50.00%
 1142254 846020       17.0000   246       18.0000        9.0000 32202183   50.00%
 1149441 852045    infeasible             18.0000        9.0000 32352024   50.00%
 1156315 859246       17.0000   270       18.0000        9.0000 32538618   50.00%
Elapsed time = 778.84 sec. (709675.50 ticks, tree = 1331.89 MB, solutions = 2)
 1163774 864947       17.0000   175       18.0000        9.0000 32680406   50.00%
 1170586 871195       17.0000   315       18.0000        9.0000 32841248   50.00%
 1177948 876356       17.0000   186       18.0000        9.0000 32975628   50.00%
 1185161 884882       17.0000   276       18.0000        9.0000 33198132   50.00%
 1190572 889053       17.0000   316       18.0000        9.0000 33304339   50.00%
 1197318 895034       17.0000   203       18.0000        9.0000 33453162   50.00%
 1204539 901533       17.0000   120       18.0000        9.0000 33623146   50.00%
 1211411 905468       17.0000   251       18.0000        9.0000 33722566   50.00%
 1219064 914911       17.0000   148       18.0000        9.0000 33960678   50.00%
 1226075 921109       17.0000   226       18.0000        9.0000 34115773   50.00%
Elapsed time = 818.97 sec. (748159.59 ticks, tree = 1424.43 MB, solutions = 2)
 1230559 924943       17.0000   209       18.0000        9.0000 34213011   50.00%
 1233610 928063       17.0000   296       18.0000        9.0000 34290342   50.00%
 1235772 928290       17.0000   191       18.0000        9.0000 34296545   50.00%
 1238303 932883       17.0000   259       18.0000        9.0000 34424370   50.00%
 1240184 934418       17.0000   242       18.0000        9.0000 34468593   50.00%
 1242247 935914       17.0000   243       18.0000        9.0000 34503097   50.00%
 1244172 936655       17.0000   186       18.0000        9.0000 34522899   50.00%
 1246647 939752       17.0000   364       18.0000        9.0000 34600354   50.00%
 1248504 941677       17.0000   166       18.0000        9.0000 34650368   50.00%
 1251112 943542       17.0000   272       18.0000        9.0000 34698439   50.00%
Elapsed time = 859.55 sec. (786463.48 ticks, tree = 1459.86 MB, solutions = 2)
 1253393 945294       17.0000   208       18.0000        9.0000 34740426   50.00%
 1255376 947879       17.0000   287       18.0000        9.0000 34803990   50.00%
 1257123 949127       17.0000   182       18.0000        9.0000 34839044   50.00%
 1263745 953045       17.0000   210       18.0000        9.0000 34947339   50.00%
 1271007 959205       17.0000   114       18.0000        9.0000 35102716   50.00%
 1277782 965784       17.0000   287       18.0000        9.0000 35271683   50.00%
 1285277 970284       17.0000   329       18.0000        9.0000 35387407   50.00%
 1292345 977406       17.0000   328       18.0000        9.0000 35572796   50.00%
 1299100 985043       17.0000   148       18.0000        9.0000 35774114   50.00%
 1306354 988941       17.0000   262       18.0000        9.0000 35879230   50.00%
Elapsed time = 900.02 sec. (824619.93 ticks, tree = 1538.35 MB, solutions = 2)

Cover cuts applied:  343
Implied bound cuts applied:  27
Flow cuts applied:  34
Mixed integer rounding cuts applied:  466
Zero-half cuts applied:  295
Lift and project cuts applied:  1
Gomory fractional cuts applied:  81

Root node processing (before b&c):
  Real time             =    0.26 sec. (265.27 ticks)
Parallel b&c, 8 threads:
  Real time             =  899.77 sec. (824415.62 ticks)
  Sync time (average)   =   57.80 sec.
  Wait time (average)   =    0.09 sec.
                          ------------
Total (root+branch&cut) =  900.03 sec. (824680.89 ticks)
Processando grafos:  17%|█▋        | 9/53 [1:49:26<10:09:29, 831.12s/grafo]solve: 900.05s
status: time limit exceeded
[OK] can_144_clean.mtx → can_144_clean.csv
[CLEANUP] can_144_clean.mtx removido da pasta de entrada.

Processando can_229_clean.mtx
greedy: 0.00s | k0=17 | ok=True
dist2: 0.00s
[INFO] MIP start adicionado via add_mip_start().
solving...
Version identifier: 22.1.1.0 | 2022-11-28 | 9160aff4d
CPXPARAM_Read_DataCheck                          1
CPXPARAM_Emphasis_MIP                            1
CPXPARAM_MIP_Strategy_HeuristicFreq              10
CPXPARAM_TimeLimit                               900
1 of 1 MIP starts provided solutions.
MIP start 'm1' defined initial solution with objective 17.0000.
Tried aggregator 1 time.
MIP Presolve eliminated 1 rows and 0 columns.
MIP Presolve modified 7182 coefficients.
Reduced MIP has 5017 rows, 2624 columns, and 14822 nonzeros.
Reduced MIP has 2394 binaries, 230 generals, 0 SOSs, and 0 indicators.
Presolve time = 0.01 sec. (7.44 ticks)
Probing fixed 0 vars, tightened 1 bounds.
Probing time = 0.00 sec. (2.89 ticks)
Tried aggregator 1 time.
Detecting symmetries...
Reduced MIP has 5017 rows, 2624 columns, and 14822 nonzeros.
Reduced MIP has 2394 binaries, 230 generals, 0 SOSs, and 0 indicators.
Presolve time = 0.01 sec. (8.85 ticks)
Probing time = 0.00 sec. (2.70 ticks)
MIP emphasis: integer feasibility.
MIP search method: dynamic search.
Parallel mode: deterministic, using up to 8 threads.
Root relaxation solution time = 0.01 sec. (18.77 ticks)

        Nodes                                         Cuts/
   Node  Left     Objective  IInf  Best Integer    Best Bound    ItCnt     Gap

*     0+    0                           17.0000        2.0000            88.24%
      0     0        2.0000  2174       17.0000        2.0000     2286   88.24%
      0     0        6.0000  1130       17.0000    Cuts: 1354     3358   64.71%
      0     0        6.1688  1303       17.0000    Cuts: 1171     4238   63.71%
      0     0        6.1831  1234       17.0000     Cuts: 687     4639   63.63%
*     0+    0                           16.0000        6.1831            61.36%
      0     0  -1.00000e+75     0       16.0000        6.1831     4639   61.36%
Detecting symmetries...
      0     2        6.1831  1234       16.0000        6.1831     4639   61.36%
Elapsed time = 0.66 sec. (599.29 ticks, tree = 0.02 MB, solutions = 2)
    140   108        8.0000   651       16.0000        6.4000    11189   60.00%
    563   447       11.0000   399       16.0000        6.4000    25653   60.00%
   1036   909       11.0000   274       16.0000        6.4000    44049   60.00%
   1451  1257       14.0000   307       16.0000        6.4000    59088   60.00%

Performing restart 1

Repeating presolve.
Tried aggregator 1 time.
MIP Presolve modified 7182 coefficients.
Reduced MIP has 5017 rows, 2624 columns, and 14822 nonzeros.
Reduced MIP has 2394 binaries, 230 generals, 0 SOSs, and 0 indicators.
Presolve time = 0.01 sec. (7.17 ticks)
Tried aggregator 1 time.
Reduced MIP has 5017 rows, 2624 columns, and 14822 nonzeros.
Reduced MIP has 2394 binaries, 230 generals, 0 SOSs, and 0 indicators.
Presolve time = 0.01 sec. (9.11 ticks)
Represolve time = 0.03 sec. (23.93 ticks)
   1709     0        7.0000   966       16.0000    Cuts: 1354    79262   56.25%
   1709     0        7.0000  1112       16.0000    Cuts: 1354    80311   56.25%
   1709     0        7.0000  1155       16.0000    Cuts: 1354    81230   56.25%
   1709     2        7.0000  1155       16.0000        7.0000    81230   56.25%
   1724    16        7.0000  1057       16.0000        7.0000    81882   56.25%
   1876   123        7.0000   808       16.0000        7.0000    90104   56.25%
   2057   339        7.0000   807       16.0000        7.0000   110556   56.25%
   2283   463        7.0000   776       16.0000        7.0000   126811   56.25%
   3458  1584       10.0000   305       16.0000        7.0000   203413   56.25%
Elapsed time = 7.97 sec. (6783.02 ticks, tree = 2.65 MB, solutions = 2)
   4126  2259        7.0000   839       16.0000        7.0000   255078   56.25%
   4976  2992        8.0000   517       16.0000        7.0000   311658   56.25%
   5764  3757        7.0000   669       16.0000        7.0000   373489   56.25%
   6639  4570       10.0000   286       16.0000        7.0000   438474   56.25%
   7193  5305        9.0000   456       16.0000        7.0000   522884   56.25%
   7808  5638        7.0000   776       16.0000        7.0000   555796   56.25%
   8957  6784        7.0000  1001       16.0000        7.0000   623186   56.25%
  10013  7773        7.0000   838       16.0000        7.0000   689973   56.25%
  11045  8560       12.0000   246       16.0000        7.0000   734409   56.25%
  11987  9544       12.0000   348       16.0000        7.0000   792067   56.25%
Elapsed time = 20.98 sec. (16334.11 ticks, tree = 17.97 MB, solutions = 2)
  13197 10505        7.0000   913       16.0000        7.0000   839751   56.25%
  14054 11450        8.0000   637       16.0000        7.0000   912042   56.25%
  14759 12215       10.0000   398       16.0000        7.0000   991239   56.25%
  16052 13110       13.0000   221       16.0000        7.0000  1050115   56.25%
  16926 14156       13.0000   354       16.0000        7.0000  1104565   56.25%
  18148 15206       10.0000   460       16.0000        7.0000  1162263   56.25%
  19346 16237       15.0000   387       16.0000        7.0000  1225037   56.25%
  20260 17202       11.0000   354       16.0000        7.0000  1272423   56.25%
  21509 18184        7.0000   892       16.0000        7.0000  1325249   56.25%
  22171 19432       11.0000   457       16.0000        7.0000  1414661   56.25%
Elapsed time = 33.29 sec. (25880.03 ticks, tree = 35.78 MB, solutions = 2)
  23226 20187       12.0000   200       16.0000        7.0000  1467063   56.25%
  24294 21008        9.0000   448       16.0000        7.0000  1525605   56.25%
  25388 21898       10.0000   501       16.0000        7.0000  1580088   56.25%
  26317 23074       11.0000   371       16.0000        7.0000  1657772   56.25%
  27212 23938        9.0000   582       16.0000        7.0000  1717858   56.25%
  28160 24903       10.0000   524       16.0000        7.0000  1781540   56.25%
  29306 25465        8.0000   707       16.0000        7.0000  1816274   56.25%
  30465 26726       12.0000   464       16.0000        7.0000  1894137   56.25%
  31186 27520        7.1818   925       16.0000        7.0000  1948254   56.25%
  32079 28332       11.0000   282       16.0000        7.0000  2001115   56.25%
Elapsed time = 45.36 sec. (35430.42 ticks, tree = 55.71 MB, solutions = 2)
  33304 29174       11.0000   418       16.0000        7.0000  2055789   56.25%
  34342 30248       12.0000   464       16.0000        7.0000  2125769   56.25%
  34939 31472        8.0000   688       16.0000        7.0000  2210328   56.25%
  35293 31888       11.0000   366       16.0000        7.0000  2243441   56.25%
  35881 32040       10.0000   441       16.0000        7.0000  2260933   56.25%
  36650 32892       10.0000   440       16.0000        7.0000  2320007   56.25%
  37865 33849       11.0000   418       16.0000        7.0000  2381323   56.25%
  38450 34800       15.0000   399       16.0000        7.0000  2452146   56.25%
  39343 35252        9.0000   519       16.0000        7.0000  2490065   56.25%
  40360 36283        8.0000   704       16.0000        7.0000  2546620   56.25%
Elapsed time = 57.70 sec. (44975.68 ticks, tree = 71.25 MB, solutions = 2)
  41236 37186       11.0000   529       16.0000        7.0000  2598291   56.25%
  42116 37647       13.0000   274       16.0000        7.0000  2638883   56.25%
  43244 38652       14.0000   349       16.0000        7.0000  2711206   56.25%
  44166 39572        8.0000   747       16.0000        7.0000  2770968   56.25%
  45063 40256        7.0000   994       16.0000        7.0000  2815997   56.25%
  45804 40903        8.0000   735       16.0000        7.0000  2866294   56.25%
  46645 42298        8.0000   791       16.0000        7.0000  2983172   56.25%
  47348 42616       14.0000   379       16.0000        7.0000  3003369   56.25%
  47955 43411       14.0000   218       16.0000        7.0000  3071564   56.25%
  48842 43834       15.0000   228       16.0000        7.0000  3109812   56.25%
Elapsed time = 70.07 sec. (54526.23 ticks, tree = 84.90 MB, solutions = 2)
  49928 45021       13.0000   375       16.0000        7.0000  3187531   56.25%
  51007 45865       15.0000   266       16.0000        7.0000  3243037   56.25%
  51986 46122        9.0000   676       16.0000        7.0000  3257977   56.25%
  52882 47616       14.0000   347       16.0000        7.0000  3364324   56.25%
  53740 48524       10.0000   307       16.0000        7.0000  3435439   56.25%
  54660 49359        9.0000   636       16.0000        7.0000  3504239   56.25%
  55244 50038        9.0000   710       16.0000        7.0000  3566371   56.25%
  56096 50799       14.0000   254       16.0000        7.0000  3628625   56.25%
  57026 51803       13.0000   277       16.0000        7.0000  3689370   56.25%
  58221 52399       15.0000   167       16.0000        7.0000  3727969   56.25%
Elapsed time = 82.03 sec. (64069.46 ticks, tree = 100.73 MB, solutions = 2)
  59085 53693       12.0000   478       16.0000        7.0000  3813282   56.25%
  59917 54256       14.0000   224       16.0000        7.0000  3857412   56.25%
  60775 54939       14.0000   286       16.0000        7.0000  3919226   56.25%
  61448 55754       15.0000   238       16.0000        7.0000  3976466   56.25%
  62253 56147        8.0000   845       16.0000        7.0000  4007842   56.25%
  63414 57170       14.0000   208       16.0000        7.0000  4074511   56.25%
  64168 57991       12.0000   254       16.0000        7.0000  4138503   56.25%
  65154 58824        9.0000   662       16.0000        7.0000  4188261   56.25%
  65896 60080       13.0000   295       16.0000        7.0000  4269561   56.25%

Performing restart 2

Repeating presolve.
Tried aggregator 1 time.
Reduced MIP has 5017 rows, 2624 columns, and 14822 nonzeros.
Reduced MIP has 2394 binaries, 230 generals, 0 SOSs, and 0 indicators.
Presolve time = 0.01 sec. (6.57 ticks)
Tried aggregator 1 time.
Reduced MIP has 5017 rows, 2624 columns, and 14822 nonzeros.
Reduced MIP has 2394 binaries, 230 generals, 0 SOSs, and 0 indicators.
Presolve time = 0.01 sec. (9.11 ticks)
Represolve time = 0.08 sec. (34.09 ticks)
  66250     0        7.0000  1193       16.0000    Cuts: 1354  4333773   56.25%
  66250     0        7.0000  1173       16.0000    Cuts: 1354  4334722   56.25%
  66250     0        7.0000  1227       16.0000    Cuts: 1354  4335789   56.25%
  66250     2        7.0000   841       16.0000        7.0000  4335789   56.25%
Elapsed time = 102.24 sec. (80098.35 ticks, tree = 0.02 MB, solutions = 2)
  66513   219        9.0000   494       16.0000        7.0000  4365743   56.25%
  67229   855        8.0000   420       16.0000        7.0000  4411400   56.25%
  67965  1527       13.0000   185       16.0000        7.0000  4452821   56.25%
  68667  2306       14.0000   201       16.0000        7.0000  4497289   56.25%
  69315  2848       10.0000   207       16.0000        7.0000  4533773   56.25%
  69989  3540        9.0000   432       16.0000        7.0000  4578819   56.25%
  70632  4149        8.0000   448       16.0000        7.0000  4612062   56.25%
  71165  4750    infeasible             16.0000        7.0000  4659417   56.25%
  71533  5095       11.0000   460       16.0000        7.0000  4686072   56.25%
  71640  5209       12.0000   308       16.0000        7.0000  4694207   56.25%
Elapsed time = 114.50 sec. (89660.22 ticks, tree = 210.58 MB, solutions = 2)
  71883  5373       12.0000   241       16.0000        7.0000  4701000   56.25%
  72545  5924       15.0000   320       16.0000        7.0000  4736432   56.25%
  73243  6736       12.0000   340       16.0000        7.0000  4777516   56.25%
  73957  7367       15.0000   198       16.0000        7.0000  4810182   56.25%
  74786  8104        9.0000   525       16.0000        7.0000  4842881   56.25%
  75476  8821       10.0000   338       16.0000        7.0000  4876940   56.25%
  76168  9424       12.0000   254       16.0000        7.0000  4917844   56.25%
  76760 10116       15.0000   314       16.0000        7.0000  4960887   56.25%
  77670 10766       13.0000   151       16.0000        7.0000  4991577   56.25%
  80854 13680       12.0000   352       16.0000        7.0000  5131996   56.25%
Elapsed time = 130.20 sec. (102071.51 ticks, tree = 592.01 MB, solutions = 2)
  83740 16484       12.0000   307       16.0000        7.0000  5275065   56.25%
  86881 19346       11.0000   542       16.0000        7.0000  5426566   56.25%
  89474 22134        cutoff             16.0000        7.0000  5577821   56.25%
  92091 24713        8.0000   705       16.0000        7.0000  5744878   56.25%
  93431 26095       14.0000   323       16.0000        7.0000  5836802   56.25%
  95606 28030       13.0000   551       16.0000        7.0000  5934833   56.25%
  97713 29818       10.0000   579       16.0000        7.0000  6055600   56.25%
 100086 31982       14.0000   193       16.0000        7.0000  6187018   56.25%
 102140 34207       11.0000   356       16.0000        7.0000  6333089   56.25%
 104524 36663       14.0000   243       16.0000        7.0000  6485556   56.25%
Elapsed time = 178.55 sec. (140231.40 ticks, tree = 1585.68 MB, solutions = 2)
 107031 38949       12.0000   401       16.0000        7.0000  6612418   56.25%
 109319 40946       14.0000   435       16.0000        7.0000  6749380   56.25%
 110689 42296       15.0000   306       16.0000        7.0000  6826024   56.25%
 113423 44628       14.0000   291       16.0000        7.0000  6995095   56.25%
 116463 47699       15.0000   206       16.0000        7.0000  7220633   56.25%
 119291 50527       12.0000   509       16.0000        7.0000  7450614   56.25%
 122166 52939       15.0000   343       16.0000        7.0000  7627600   56.25%
 124650 55422        8.0000   733       16.0000        7.0000  7857440   56.25%
 127080 57799       15.0000   163       16.0000        7.0000  8074716   56.25%
 130134 60103        8.0000   753       16.0000        7.0000  8273336   56.25%
Elapsed time = 228.66 sec. (178388.57 ticks, tree = 1908.51 MB, solutions = 2)
 132611 62853       14.0000   357       16.0000        7.0000  8482129   56.25%
 135557 65859       15.0000   108       16.0000        7.0000  8726524   56.25%
 137937 67583       13.0000   570       16.0000        7.0000  8881181   56.25%
 140723 70213       15.0000   296       16.0000        7.0000  9098565   56.25%
 143352 73439       15.0000   208       16.0000        7.0000  9351952   56.25%
 144694 74710       15.0000   345       16.0000        7.0000  9499268   56.25%
 146941 76228       15.0000   449       16.0000        7.0000  9623367   56.25%
 149727 78793        cutoff             16.0000        7.0000  9817182   56.25%
 152137 81227       11.0000   603       16.0000        7.0000 10051838   56.25%
 154902 84719       15.0000   166       16.0000        7.0000 10312730   56.25%
Elapsed time = 279.72 sec. (216550.08 ticks, tree = 1966.64 MB, solutions = 2)
 157097 86364       15.0000   296       16.0000        7.0000 10512633   56.25%
 159707 88859       15.0000   563       16.0000        7.0000 10732149   56.25%
 162557 91646       10.0000   639       16.0000        7.0000 10958832   56.25%
 165199 93970       14.0000   504       16.0000        7.0000 11143341   56.25%
 168094 96729       15.0000   108       16.0000        7.0000 11350076   56.25%
 170669 99686       15.0000   285       16.0000        7.0000 11600942   56.25%
 172840 101206        9.0000   635       16.0000        7.0000 11750007   56.25%
 174586 102864       15.0000   269       16.0000        7.0000 11891987   56.25%
 177190 105221        9.0000   631       16.0000        7.0000 12077778   56.25%
 179666 107396       15.0000   611       16.0000        7.0000 12292670   56.25%
Elapsed time = 332.05 sec. (254755.14 ticks, tree = 2015.29 MB, solutions = 2)
 182502 110504       13.0000   352       16.0000        7.0000 12520700   56.25%
 185299 112370       15.0000   238       16.0000        7.0000 12680411   56.25%
 188242 115859       15.0000   134       16.0000        7.0000 12939890   56.25%
 190865 117997       15.0000   237       16.0000        7.0000 13104017   56.25%
 193132 120524       15.0000   310       16.0000        7.0000 13351949   56.25%
 196040 123353       12.0000   612       16.0000        7.0000 13575039   56.25%
 198913 124999       15.0000   392       16.0000        7.0000 13702729   56.25%
 200673 128143       15.0000   186       16.0000        7.0000 13921993   56.25%
 202956 129041       14.0000   542       16.0000        7.0000 13985801   56.25%
 205456 131635       15.0000   303       16.0000        7.0000 14184599   56.25%
Elapsed time = 382.01 sec. (292913.44 ticks, tree = 2065.89 MB, solutions = 2)
Nodefile size = 15.99 MB (12.78 MB after compression)
 207942 134621       15.0000   297       16.0000        7.0000 14445935   56.25%
 210338 137075       13.0000   236       16.0000        7.0000 14691997   56.25%
 213124 139581       10.0000   605       16.0000        7.0000 14895661   56.25%
 215542 141670        8.0000   780       16.0000        7.0000 15062292   56.25%
 218401 144373       15.0000   350       16.0000        7.0000 15259271   56.25%
 220694 146935       13.0000   500       16.0000        7.0000 15538583   56.25%
